22.73,186.520004,-6.58,-20.732,-1.409,-4.224,0.053014757332044034,0.0552682925571468,-0.029102296351333636
21.040001,186.220001,-7.3,-20.697001,-1.508,-4.218,0.04907305531372476,0.05517939778330784,-0.03228674215269537
19.200001,186.860001,-6.33,-20.531,-1.567,-4.209,0.04478149554729444,0.055369038071094744,-0.02799658600363859
20.700001,187.759995,-6.41,-20.782,-1.651,-4.279,0.04828004970471046,0.05563571794791738,-0.028350413314901006
21.76,188.190002,-5.93,-20.796,-1.607,-4.286,0.05075235897691501,0.05576313459046484,-0.026227449447326513
20.030001,187.25,-5.66,-20.587999,-1.634,-4.228,0.046717362181064634,0.055484599825151935,-0.025033282271815865
19.5,186.690002,-6.14,-20.575001,-1.669,-4.239,0.04548120404640821,0.055318665165964294,-0.027156246139390352
19.59,185.990005,-6.79,-20.639999,-1.618,-4.235,0.04569111729585317,0.05511124699013622,-0.030031093043397475
19.940001,185.460007,-6.76,-20.6,-1.463,-4.224,0.04650744893161968,0.05495420171943859,-0.02989840780167407
20.030001,187.179993,-7.23,-20.743,-1.56,-4.262,0.046717362181064634,0.05546385584448459,-0.03197714325534076
19.32,188.020004,-7.19,-20.746,-1.535,-4.263,0.04506137754751829,0.055712761981647346,-0.03180022959970955
18.76,187.539993,-7.54,-20.749001,-1.54,-4.251,0.043755250662082974,0.05557052850636473,-0.033348224086482615
20.530001,185.339996,-6.49,-20.622999,-1.558,-4.205,0.04788354690020331,0.054918640906036105,-0.028704240626163422
21.809999,186.580002,-7.28,-20.766001,-1.604,-4.249,0.050868975116459436,0.05528607074150092,-0.03219828532487977
22.43,186.580002,-7.96,-20.839001,-1.319,-4.261,0.052315046500560826,0.05528607074150092,-0.035205817470610294
21.75,186.029999,-7.04,-20.636999,-1.243,-4.214,0.05072903528253223,0.05512309773024521,-0.031136803391092524
21.280001,187.190002,-7.16,-20.683001,-1.256,-4.24,0.04963282397891131,0.05546682164079781,-0.031667544357986147
19.73,187.479996,-7.31,-20.726999,-1.472,-4.251,0.046017649017211996,0.05555275061832356,-0.032330970566603175
21.280001,185.600006,-6.73,-20.622,-1.487,-4.196,0.04963282397891131,0.054995685236079034,-0.029765722559950667
22.41,185.089996,-6.86,-20.747999,-1.438,-4.211,0.05226839911179528,0.05484456266861935,-0.03034069194075209
21.280001,186.889999,-5.74,-20.719999,-1.39,-4.251,0.04963282397891131,0.05537792686695885,-0.025387109583078278
20.940001,187.550003,-6.02,-20.698999,-1.219,-4.246,0.048839818369897016,0.05557349459899089,-0.02662550517249673
19.74,186.960007,-6.62,-20.712999,-1.38,-4.238,0.04604097271159477,0.05539867114393914,-0.029279210006964845
20.49,188.059998,-6.95,-20.726999,-1.411,-4.263,0.047790249790302775,0.055724612721756335,-0.030738747665922307
20.84,187.960007,-6.09,-20.617001,-1.525,-4.247,0.04860657909369985,0.055694984093606174,-0.026935104069851345
21.059999,187.350006,-6.02,-20.743,-1.528,-4.249,0.04911969803775143,0.05551423289799634,-0.02662550517249673
21.309999,186.229996,-5.23,-20.671,-1.548,-4.219,0.04970279039732076,0.05518235943123976,-0.023131460473780386
19.780001,185.490005,-5.76,-20.694,-1.609,-4.226,0.0461342698214953,0.0549630905153027,-0.025475566410893883
18.889999,185.669998,-5.81,-20.614,-1.619,-4.229,0.04405845635668959,0.05501642477205212,-0.02569670848043289
19.780001,186.399994,-6.18,-20.671,-1.596,-4.256,0.0461342698214953,0.055232732040057256,-0.02733315979502156
27.77,185.220001,-5.61,-20.570999,-0.179,-4.227,0.06476989930096184,0.05488308483364081,-0.024812140202276855
21.4,190.25,-11.1,-21.313999,-1.581,-4.259,0.04991270597913516,0.05637353867415303,-0.04909353943766009
15.44,188.979996,-7.96,-21.046,-2.063,-4.191,0.03601178412700219,0.055997220042824106,-0.035205817470610294
19.82,185.690002,-5.05,-20.639,-1.039,-4.216,0.04622756226665696,0.05502235221629726,-0.02233534902343995
18.91,188.360001,-8.96,-21.07,-1.845,-4.262,0.04410510607782458,0.05581350749559529,-0.03962865886139049
20.440001,187.949997,-7.94,-20.844999,-1.759,-4.23,0.04767363365075835,0.05569201800098001,-0.03511736064279469
22.120001,184.759995,-6.44,-20.632,-1.57,-4.222,0.05159201430706428,0.05474677909891627,-0.02848309855662441
22.120001,185.240005,-7.19,-20.743,-1.652,-4.199,0.05159201430706428,0.054889012277885944,-0.03180022959970955
24.879999,184.220001,-7.36,-20.816999,-0.983,-4.203,0.058029349291970886,0.054586771883973775,-0.03255211263614218
23.700001,186.050003,-9.11,-20.973,-1.26,-4.244,0.05527715801954249,0.055129025174490344,-0.04029208507000751
23.030001,187.990005,-10.58,-20.968,-1.569,-4.191,0.05371447049589667,0.055703872889470284,-0.04679366191445439
24.26,185.940002,-8.49,-20.882,-1.595,-4.155,0.05658328257260837,0.05509643045371402,-0.0375499234077238
23.09,186.320007,-6.4,-20.795,-1.01,-4.115,0.053854410329823875,0.055209030856152246,-0.028306184900993205
26.459999,188.419998,-6.94,-20.858999,-0.494,-4.045,0.06171449300444908,0.055831285383636464,-0.030694519252014506
20.190001,191.550003,-11.18,-21.392,-1.655,-4.114,0.04709054129118901,0.05675874639765903,-0.0494473667489225
20.82,190.119995,-10.49,-21.208,-1.309,-4.081,0.048559931704934306,0.056335016509131565,-0.04639560618928417
21.629999,190.289993,-12.11,-21.34,-1.472,-4.126,0.050449148617569516,0.05638538911794907,-0.053560609242348074
23.73,190.110001,-12.14,-21.278999,-1.46,-4.145,0.05534712677032137,0.0563320551575126,-0.05369329448407149
20.27,192.399994,-12.43,-21.407,-1.525,-4.149,0.047277128513881765,0.05701060973805946,-0.05497591848739773
20.120001,192.899994,-12.49,-21.523001,-1.435,-4.141,0.0469272754305096,0.057158766212892974,-0.05524128897084455
20.76,193.169998,-12.78,-21.525,-1.31,-4.132,0.048419989538637666,0.05723877189455487,-0.056523912974170795
19.85,193.690002,-13.71,-21.658001,-1.431,-4.114,0.046297533349805284,0.05739285581363353,-0.06063715546759638
19.65,192.850006,-15.21,-21.757,-1.533,-4.064,0.045831059462149805,0.05714395412116502,-0.06727141755376666
21.059999,192.25,-15.44,-21.709,-1.455,-3.992,0.04911969803775143,0.0569661645734871,-0.0682886710736461
18.530001,194.389999,-15.65,-21.799,-1.357,-3.986,0.04321880802364862,0.057600273989461596,-0.06921746776570994
17.790001,196.300003,-16.440001,-21.959999,-1.556,-3.999,0.04149285463932339,0.058166232908577434,-0.07271151688726768
18.879999,195.850006,-16.860001,-21.923,-1.536,-3.952,0.04403513266230682,0.05803289297016612,-0.07456911027139536
19.129999,195.589996,-17.59,-22.079,-1.57,-3.931,0.04461822502187616,0.057955848640123195,-0.0777977800638235
18.65,195.429993,-17.049999,-22.063999,-1.404,-3.896,0.043498690023872466,0.05790843767923762,-0.07540944128996081
19.940001,197.130005,-18.049999,-22.158001,-1.323,-3.88,0.04650744893161968,0.05841217324942697,-0.079832282680741
19.940001,196.509995,-19.059999,-22.216,-1.422,-3.842,0.04650744893161968,0.05822845625750391,-0.084299352485429
20.4,196.080002,-19.790001,-22.327,-1.447,-3.805,0.04758033654085782,0.05810104376333774,-0.0875280355463813
19.23,196.649994,-20.26,-22.327,-1.423,-3.764,0.044851464298073324,0.058269939774144346,-0.08960676657720662
19.35,198.149994,-21.32,-22.486,-1.46,-3.762,0.04513134863066661,0.058714409198644894,-0.09429497845143361
18.950001,199.009995,-20.6,-22.465,-1.347,-3.747,0.04419840318772511,0.05896923863167149,-0.09111053265007188
17.75,199.899994,-21.059999,-22.572001,-1.49,-3.734,0.041399557529422856,0.0592329568605622,-0.09314503526698938
17.59,200.059998,-21.16,-22.566999,-1.393,-3.694,0.04102637841929848,0.05928036811776073,-0.09358732382890877
16.99,200.509995,-21.549999,-22.639999,-1.491,-3.67,0.03962695675633207,0.05941370805617205,-0.09531222754847166
18.01,200.300003,-22.309999,-22.729,-1.347,-3.646,0.04200597358337497,0.059351484707245564,-0.09867358700546461
18.4,200.419998,-23.030001,-22.781,-1.33,-3.636,0.042915597664303126,0.05938704077964086,-0.10185804165250911
16.77,201.75,-23.879999,-22.844999,-1.418,-3.63,0.039113835479911055,0.05978113759532391,-0.1056174479889895
16.139999,201.649994,-24.040001,-22.913,-1.552,-3.62,0.03764444040142689,0.05975150452247951,-0.10632511145719711
17.459999,201.690002,-24.58,-23.076,-1.374,-3.601,0.04072316805995299,0.05976335941096979,-0.10871344138537702
17.34,202.25,-25.139999,-23.153,-1.5,-3.579,0.04044328605972915,0.05992929407015743,-0.11119022814137253
16.73,203.130005,-26.360001,-23.235001,-1.453,-3.569,0.039020540702379966,0.06019005094742917,-0.11658610348380714
16.84,203.339996,-27.030001,-23.257999,-1.401,-3.545,0.039277101340590474,0.0602522740000427,-0.11954940721562986
16.66,204.300003,-28.23,-23.363001,-1.246,-3.539,0.038857274841700554,0.0605367365059137,-0.12485681246172471
16.26,205.770004,-29.049999,-23.473,-1.471,-3.55,0.03792432706638962,0.06097231683823719,-0.12848353797932308
15.32,207.050003,-29.82,-23.554001,-1.406,-3.55,0.03573189979440891,0.06135159711749804,-0.1318891302730652
15.33,208.270004,-31.34,-23.783001,-1.401,-3.569,0.03575522348879168,0.06171309921240477,-0.13861184918705108
17.73,208.320007,-32.130001,-23.872999,-1.066,-3.56,0.04135291014065731,0.06172791574882697,-0.14210589830860884
17.01,208.839996,-32.48,-23.867001,-1.344,-3.541,0.03967360414509762,0.06188199522321138,-0.14365388837254048
16.629999,209.309998,-33.68,-23.938999,-1.198,-3.506,0.038787301426182794,0.06202126290218079,-0.14896129804147673
16.209999,210.520004,-35.59,-24.093,-1.293,-3.505,0.037807706262106305,0.06237980334915559,-0.15740892509786691
15.1,212.550003,-36.560001,-24.174,-1.195,-3.512,0.035218778517987895,0.06298131834066673,-0.16169908566976507
14.39,214.929993,-37.779999,-24.403,-1.231,-3.519,0.033562796216810985,0.06368654019774476,-0.1670949433208341
10.41,212.350006,-32.959999,-23.933001,-1.619,-3.385,0.024279965852467153,0.06292205663967217,-0.14577684781727362
12.05,217.139999,-37.200001,-24.666,-1.259,-3.474,0.028105051731241996,0.0643413935943866,-0.16452970415986437
14.2,217.419998,-36.060001,-24.584999,-1.53,-3.5,0.033119646023538285,0.06442436092398042,-0.15948766497437497
12.03,213.220001,-33.950001,-24.174,-1.344,-3.395,0.02805840434247645,0.06317984742431773,-0.15015546963982876
11.67,207.610001,-28.82,-23.476999,-1.42,-3.153,0.027218751344696604,0.06151753177668568,-0.127466288882285
8.09,202.770004,-24.25,-22.823,-1.385,-2.951,0.018868868755663713,0.06008337798923609,-0.10725390372641956
11.51,196.940002,-18.709999,-22.018,-1.293,-2.738,0.026845572234572228,0.058355872900051384,-0.08275135799865592
8.11,187.789993,-12.38,-20.952999,-1.469,-2.386,0.018915516144429257,0.05564460674378149,-0.05475477641785873
7.11,179.550003,-6.6,-19.879999,-1.838,-2.024,0.016583146706151918,0.05320299100165463,-0.029190753179149237
6.83,171.910004,-2.18,-18.858999,-1.822,-1.678,0.015930083263434258,0.05093916036251144,-0.00964179423190081
7.28,164.889999,0.08,-18.167,-1.495,-1.433,0.016979649510659067,0.048859041974284124,0.00035382731126241507
9.59,163.119995,2.5,-17.697001,-1.832,-1.256,0.022367422913079728,0.048334566868121674,0.011057103476950469
3.77,165.419998,0.59,-18.188,-1.506,-1.15,0.008793032782305588,0.0490160875412947,0.002609476420560311
4.83,166.970001,1.47,-18.502001,-1.171,-1.148,0.011265344386879572,0.04947537350221745,0.006501576844446876
6.84,171.830002,-1.32,-18.987,-1.279,-1.244,0.015953406957817034,0.05091545473391219,-0.005838150635829848
8.82,177.529999,-6.87,-19.618999,-1.161,-1.32,0.020571498445606174,0.052604437658075424,-0.03038492035465989
7.17,178.660004,-8.05,-19.697001,-0.909,-1.31,0.016723088872448555,0.05293927277276392,-0.03560387319578052
6.49,183.100006,-13.13,-20.385,-0.605,-1.296,0.015137077654419963,0.054254902861911446,-0.05807190746094387
3.31,182.279999,-13.32,-20.306,-0.784,-1.152,0.007720142840698009,0.054011924168993836,-0.0589122473251921
7.67,180.369995,-10.79,-20.159,0.168,-1.03,0.017889273591587228,0.053445965249878,-0.04772245860651823
9.14,188.660004,-17.190001,-21.433001,-0.912,-1.238,0.021317856665854926,0.05590240226943425,-0.07602864793035281
8.71,185.740005,-14.37,-21.004999,-0.229,-1.338,0.02031493780739567,0.05503716875271946,-0.0635562307855113
5.62,179.789993,-10.47,-20.250999,-0.657,-1.363,0.013107916243118673,0.05327410314644523,-0.04630714936146857
6.78,172.009995,-4.65,-19.054001,-1.524,-1.129,0.015813464791520394,0.0509687889906616,-0.020566212467127875
8.55,167.669998,-1.44,-18.311001,0.009,-1.166,0.019941758697271293,0.049682791678045526,-0.006368891602723471
13.46,162.740005,5.72,-17.631001,0.17,-1.186,0.03139369263921305,0.0482219709103777,0.025298652755262673
7.12,166.619995,-0.19,-18.316,-0.671,-1.064,0.01660647040053469,0.049371662191956295,-0.0008403398642482358
5.67,168.610001,-2.74,-18.535,-0.115,-1.029,0.01322453471503254,0.049961326739671394,-0.012118585410737716
14.42,172.309998,-3.41,-18.865999,-0.366,-1.339,0.0336327672999593,0.05105768376450057,-0.015081889142560442
13.38,169.270004,-1.52,-18.521,-0.884,-1.274,0.031207103084150863,0.05015689417539048,-0.006722718913985886
8.72,159.350006,2.24,-17.525,0.006,-0.96,0.02033826150177844,0.04721747030731941,0.009907164715347623
12.73,158.630005,-0.26,-17.598,0.241,-1.053,0.02969106294927059,0.0470041246872462,-0.0011499387616028488
8.07,159.929993,0.23,-17.534,-0.598,-1.162,0.018822221366898168,0.047389327966057944,0.0010172535198794432
8.06,162.289993,-1.15,-18.021999,0.042,-1.245,0.018798897672515393,0.048088626527272145,-0.005086267599397216
10.19,160.649994,0.14,-17.955999,0.065,-1.197,0.023766844576046133,0.047602673586131156,0.0006191977947092264
10.42,158.009995,0.99,-17.632,-0.53,-1.101,0.024303289546849925,0.04682040769532314,0.004378612976872386
8.64,154.300003,4.38,-16.891001,-0.394,-1.014,0.020151671946716253,0.04572108902256205,0.01937204529161722
10.18,155.919998,5.33,-16.955999,-0.452,-1.141,0.02374352088166336,0.04620111451945789,0.023573744612858404
14.89,157.910004,3.95,-17.451,0.015,-1.204,0.03472898093594965,0.04679077906717298,0.01747022349358174
11.37,155.720001,2.64,-17.544001,-0.251,-1.083,0.0265190405132134,0.04614185281846333,0.011676301271659697
9.68,153.740005,2.57,-16.962,0.018,-1.002,0.022577336162524688,0.04555515436337441,0.011366702374305083
13.48,151.190002,3.62,-16.566999,-0.309,-1.071,0.031440340027978596,0.04479955545278462,0.01601068583462428
13.86,150.729996,4.55,-16.617001,-0.05,-1.149,0.03232664041452399,0.04466324971806009,0.020123928328049854
9.53,153.139999,5.2,-16.719999,-0.157,-1.037,0.022227480746783088,0.045377364815696486,0.022998775232056977
10.68,153.220001,5.2,-16.797001,-0.345,-0.971,0.024909705600802034,0.04540107044429575,0.022998775232056977
13.48,152.550003,3.75,-16.796,-0.201,-1.071,0.031440340027978596,0.04520254136064474,0.016585655215425706
13.64,152.419998,2.97,-16.674,-0.01,-1.091,0.03181351913810297,0.045164019195623274,0.013135838930617158
15.65,150.289993,3.91,-16.57,-0.009,-0.971,0.036501581709040436,0.04453287113126775,0.017293309837950535
14.97,150.139999,4.01,-16.48,-0.074,-0.949,0.03491557049101184,0.04448842596669539,0.017735593977028553
13.68,151.220001,3.15,-16.573999,-0.019,-1.063,0.03190681391563407,0.04480844454496168,0.013931950380957592
13.67,152.440002,3.28,-16.712999,-0.338,-1.094,0.031883490221251296,0.04516994663986841,0.014506919761759015
12.7,152.740005,4.12,-16.672001,-0.38,-1.02,0.029621091866122266,0.045258841413707375,0.018222106530014374
11.12,151.360001,3.17,-16.785,-0.254,-1.006,0.025935948153644063,0.04484992835791507,0.014020407208773195
13.26,150.130005,4.71,-16.396999,-0.068,-1.059,0.030927218751557583,0.04448546461507642,0.020831582950574686
13.71,151.550003,4.43,-16.374001,0.054,-1.105,0.03197678499878239,0.0449062284109777,0.01959318736115623
10.64,152.860001,3.79,-16.599001,-0.002,-1.084,0.02481641082327094,0.045294397782415625,0.016762568871056913
10.49,153.839996,3.74,-16.67,-0.208,-1.106,0.024466555407529338,0.04558478299152457,0.016541426801517902
12.01,153.119995,4.09,-16.514,-0.422,-1.123,0.0280117569537109,0.04537143737145135,0.01808942128829097
11.45,151.419998,4.52,-16.356001,-0.47,-1.08,0.026705630068275588,0.04486770624595624,0.01999124308632645
10.42,153.020004,5.82,-16.334,-0.454,-1.042,0.024303289546849925,0.045341808743301196,0.025740936894340694
11.03,153.479996,6.27,-16.516001,-0.362,-1.071,0.025726034904199103,0.04547811032964443,0.027731215520191775
12.96,151.330002,6.92,-16.445,-0.394,-1.063,0.030227507920074382,0.04484103926573801,0.0306060624241989
11.37,151.679993,6.54,-16.283001,-0.36,-1.043,0.0265190405132134,0.04494474613130492,0.02892538269570243
14.62,148.740005,6.65,-16.202999,-0.357,-1.001,0.034099241187614766,0.04407358961503924,0.02941189524868825
14.88,147.889999,7.5,-16.077999,-0.226,-1.036,0.03470565724156688,0.043821721829944565,0.03317131043085141
12.25,149.720001,6.57,-16.275,-0.332,-1.068,0.028571525618897465,0.044363975120461134,0.029058067937425835
12.8,149.449997,7.55,-16.290001,-0.486,-0.974,0.029854328809950006,0.04428396943879924,0.03339245250039042
13.06,149.729996,7.29,-16.306,-0.536,-1.0,0.030460744863902114,0.04436693676839306,0.03224251373878757
13.23,149.690002,6.44,-16.332001,-0.247,-1.052,0.030857247668409263,0.04435508602828407,0.02848309855662441
15.68,146.809998,6.81,-16.33,-0.197,-0.985,0.03657155279218875,0.043501703547991225,0.030119549871213076
16.98,147.199997,8.04,-16.047001,0.006,-0.916,0.0396036330619493,0.04361726530204841,0.03555964478187271
14.67,148.259995,6.33,-16.207001,-0.041,-1.026,0.034215859659528634,0.04393135643606957,0.02799658600363859
15.16,148.389999,6.4,-16.18,0.059,-1.077,0.035358720684284535,0.04396987830477808,0.028306184900993205
12.76,150.479996,7.7,-16.115,-0.008,-1.031,0.02976103403241891,0.044589171480643335,0.03405587870900745
10.92,150.970001,7.17,-16.355,-0.283,-1.039,0.025469474265988598,0.044734366307544925,0.031711772771893944
14.67,147.610001,9.84,-15.911,-0.245,-1.037,0.034215859659528634,0.0437387547966637,0.04352075928527705
6.64,147.210007,9.99,-15.838,-1.11,-1.091,0.015486933070161564,0.04362023139467458,0.04418418549389408
-7.44,146.869995,11.24,-15.547,-1.855,-0.927,-0.01735282862078344,0.04351948143603239,0.04971273723236931
0.45,159.039993,-0.91,-15.99,-0.964,-1.238,0.001049566247224805,0.04712560944085429,-0.004024785665609971
26.17,151.729996,0.61,-16.173,2.628,-1.298,0.0610381081997181,0.044959562667727125,0.0026979332483759145
20.48,148.779999,-1.19,-17.246,1.595,-0.773,0.04776692609592001,0.04408544035514823,-0.005263181255028423
14.35,143.149994,6.18,-15.744,-1.23,-0.77,0.03346950143927989,0.04241719696695808,0.02733315979502156
17.469999,147.949997,-0.07,-15.744,0.103,-1.43,0.04074649175433576,0.043839500014298684,-0.0003095988973546132
-40.009998,189.710007,33.919998,-23.611,-8.71,-2.47,-0.09331809656073767,0.05621353175552348,0.15002277112958118
1.93,129.309998,39.099998,-13.9,-2.868,-0.315,0.004501473015875274,0.03831622692881814,0.17293308953382255
-5.57,147.669998,1.81,-16.127001,-1.724,-0.958,-0.012991297771204807,0.04375653268470486,0.00800534291731214
21.870001,161.919998,-8.33,-17.667,2.224,-1.707,0.05100892194749495,0.04797899221746009,-0.036842268785198966
28.75,148.960007,3.74,-16.038,0.592,-1.064,0.06705562135047365,0.04413877905659189,0.016541426801517902
3.63,137.660004,5.6,-15.263,-0.452,-0.564,0.00846650106094676,0.04079044183641556,0.02476791178836905
19.549999,129.869995,10.62,-14.449,0.427,-1.015,0.04559782018595264,0.03848216129169283,0.04697057557008559
25.870001,226.610001,12.88,-30.315001,-0.222,-3.672,0.060338399700604325,0.0671474778203593,0.05696619711324882
-9.97,148.210007,-1.48,-16.896999,-1.313,-0.719,-0.02325372329962512,0.04391654434434161,-0.006545805258354678
58.369999,162.949997,11.97,-18.055,7.781,-1.178,0.13614040177987913,0.048284194259304185,0.05294141144763885
35.34,168.009995,-12.47,-18.868999,0.918,-1.719,0.08242593594872134,0.04978353719199347,-0.05515283214302895
-14.86,143.529999,3.51,-16.198999,-1.971,-0.859,-0.034659009852801334,0.0425297973693963,0.015524173281638458
32.41,128.309998,13.17,-14.134,2.582,-0.706,0.07559209349456872,0.03801991397915111,0.058248821116575075
30.540001,132.990005,8.28,-14.426,1.657,-1.112,0.07123056497735952,0.03940666065778347,0.03662112671565995
-24.08,136.229996,13.39,-14.672,-1.902,-0.825,-0.05616345607371844,0.04036671194788811,0.05922184622254672
-14.73,159.339996,-0.99,-18.129999,-4.403,-1.377,-0.03435580182582528,0.04721450421469325,-0.004378612976872386
30.209999,158.419998,-9.55,-17.632999,1.745,-1.564,0.07046087839798912,0.04694189689362547,-0.0422381352819508
5.65,147.839996,-9.34,-16.865,2.216,-1.223,0.013177887326266995,0.043806905293522366,-0.04130933858988695
-3.99,132.979996,6.4,-14.758,-2.862,-0.802,-0.009306154058726604,0.03940369486147025,0.028306184900993205
45.509998,126.720001,21.549999,-13.024,6.606,-0.776,0.10614612847126306,0.03754877727811937,0.09531222754847166
-45.290001,134.210007,38.450001,-14.207,-3.336,-1.096,-0.10563301419195034,0.03976816304900315,0.17005825589833962
34.619999,149.830002,-7.14,-16.948,4.264,-1.293,0.08074662762079221,0.04439656984123746,-0.03157908753017054
-4.76,154.039993,-6.23,-17.531,-2.922,-1.494,-0.011102078526200158,0.04564404469251912,-0.027554301864560572
15.85,143.899994,-3.0,-15.879,3.706,-1.195,0.0369680555966959,0.042639431679208355,-0.013268524172340564
28.52,129.050003,5.71,-13.862,0.772,-0.777,0.06651917637966985,0.038239187043469465,0.025254424341354872
-7.34,137.75,2.04,-15.15,-3.783,-1.044,-0.017119591676955703,0.0408171088166338,0.009022596437191584
29.27,129.770004,12.83,-13.461,7.488,-0.984,0.06826845345837786,0.03845253266354268,0.05674505504370981
46.189999,138.979996,15.83,-14.535,4.746,-0.987,0.10773214202166108,0.041181572559472454,0.07001357921605038
-16.74,176.119995,-9.88,-20.344999,-4.435,-1.655,-0.03904386439676274,0.0521866352137931,-0.04369767294090826
-26.540001,169.470001,-9.64,-19.07,-3.114,-1.751,-0.06190108722425015,0.05021615587638504,-0.042636191007121016
36.540001,133.889999,5.1,-14.307,1.255,-1.024,0.08522478160702358,0.0396733405346061,0.022556491092978956
23.0,123.400002,5.28,-13.027,2.151,-0.506,0.05364449708037891,0.036565018581537774,0.023352602543319393
-6.38,131.179993,-0.59,-13.986,-0.238,-1.025,-0.014880517016209455,0.038870330663130746,-0.002609476420560311
14.88,145.380005,3.54,-15.436,-2.837,-1.23,0.03470565724156688,0.04307797810415801,0.015656858523361867
49.919998,159.449997,12.92,-16.704,7.69,-1.005,0.11643187769406614,0.047247098935469564,0.057143110768880026
-8.91,156.130005,-3.86,-16.145,0.146,-1.345,-0.020781411695051134,0.04626334231307862,-0.017072167768411525
13.85,155.259995,-4.84,-17.531,-3.107,-1.67,0.032303316720141216,0.0460055470837388,-0.02140655233137611
28.559999,121.82,11.57,-12.735,3.547,-0.509,0.06661246882483152,0.036096843528437964,0.05117227489132677
17.74,108.32,24.290001,-10.801,3.35,-0.287,0.04137623383504008,0.03209661870793302,0.10743082180489216
31.52,139.220001,-1.9,-15.385,-0.572,-1.161,0.07351628469450189,0.041252689148957286,-0.008403398642482357
16.75,149.100006,-4.48,-15.944,1.689,-1.109,0.03906718809114551,0.04418026257323233,-0.019814329430695245
5.07,143.899994,5.47,-14.71,1.906,-1.066,0.011825113052066134,0.042639431679208355,0.024192942407567627
31.24,143.75,-3.61,-15.671,-0.304,-1.189,0.07286322125178422,0.042594986514635995,-0.01596645742071648
-7.96,123.690002,9.83,-13.765,-2.808,-0.679,-0.01856566072868766,0.03665094933694122,0.04347653087136925
26.540001,109.760002,15.65,-11.638,4.211,-0.405,0.06190108722425015,0.03252330994807944,0.06921746776570994
83.949997,211.979996,54.689999,-27.702999,9.847,-3.17,0.19580240734627471,0.06281241788516587,0.2418851912389271
43.119999,147.619995,1.69,-15.71,6.128,-1.108,0.10057176784614963,0.043741716148282664,0.007474601950418517
-20.02,159.259995,-4.83,-17.613001,-3.102,-1.524,-0.046694036154312425,0.04719079888240693,-0.02136232391746831
42.09,143.919998,-3.7,-15.768,2.226,-1.138,0.09816942965709342,0.04264535912345349,-0.016364513145886696
25.18,116.809998,9.36,-12.592,3.41,-0.397,0.05872906245582352,0.03461231505798023,0.041397795417702554
-13.12,127.300003,-0.5,-14.728,-2.404,-0.892,-0.03060068703019875,0.03772063938155216,-0.002211420695390094
30.190001,132.580002,-6.18,-14.398,0.895,-1.19,0.07041423567396245,0.03928517145948114,-0.02733315979502156
10.16,139.679993,-8.6,-15.085,1.763,-1.059,0.023696873492897817,0.04138899073530052,-0.038036435960709616
32.630001,140.300003,-0.85,-15.95,6.114,-0.85,0.07610521710335917,0.04157270772722359,-0.0037594151821631594
4.98,155.75,-14.49,-18.709999,-2.702,-1.621,0.011615199802621174,0.04615074191064039,-0.06408697175240492
-6.45,132.600006,-5.78,-15.131,-0.691,-0.954,-0.01504378287688887,0.03929109890372628,-0.025564023238709488
18.540001,112.089996,9.41,-11.997,3.519,-0.21,0.043242131718031394,0.033213717342925934,0.04161893748724157
15.71,121.169998,5.7,-12.56,0.297,-0.809,0.036641523875337076,0.035904239518528495,0.025210195927447072
-47.330002,170.139999,11.78,-20.622999,-6.421,-2.265,-0.11039105017840557,0.050414684960036045,0.05210107158339061
43.110001,149.679993,-7.87,-17.556,7.206,-1.115,0.10054844881650574,0.044352120231970854,-0.03480776174544008
37.650002,137.929993,-3.53,-15.287,3.66,-0.885,0.08781371401588088,0.040870443073383216,-0.015612630109454063
3.86,135.330002,-8.63,-14.843,0.958,-0.998,0.009002946031750548,0.04010003207106548,-0.03816912120243302
-0.07,125.419998,1.56,-13.253,-0.862,-0.659,-0.0001632658606794141,0.03716356955461338,0.006899632569617093
28.540001,124.93,3.99,-12.333,2.46,-0.655,0.06656582610080483,0.03701837680190244,0.01764713714921295
24.469999,138.229996,-8.77,-14.543,5.358,-1.104,0.05707307782227717,0.04095933784722218,-0.038788318997142246
-14.26,145.160004,-4.84,-16.349001,-2.773,-1.298,-0.033259588189834925,0.04301278895891831,-0.02140655233137611
45.459999,142.779999,-0.01,-15.438,5.252,-0.99,0.10602951233171863,0.042307562657146025,-4.422841390780188e-05
-24.33,156.350006,-8.66,-17.452999,-3.967,-1.498,-0.056746548433287775,0.04632853145831831,-0.03830180644415643
31.379999,124.449997,4.29,-12.679,3.556,-0.703,0.07318975064077363,0.036876145697123414,0.018973989566447007
37.450001,118.209999,11.36,-11.921,4.551,-0.612,0.08734723779585597,0.035027153483827025,0.050243478199262934
-49.049999,160.899994,49.099998,-19.222,-6.243,-1.981,-0.11440271861513429,0.047676751823547914,0.21716150344162444
38.16,129.410004,9.23,-13.368,4.033,-0.807,0.08900321776466344,0.03834586000166254,0.040822826036901134
37.669998,151.389999,-8.9,-16.371,3.905,-1.274,0.08786035207516867,0.04485881715377918,-0.03936328837794367
4.55,142.179993,-13.23,-15.029,1.565,-1.065,0.010612280944161915,0.04212977310946811,-0.058514191600021886
28.67,130.860001,-3.45,-13.616,2.61,-0.858,0.06686903179541145,0.0387755128897409,-0.015258802798191648
-4.28,127.129997,6.75,-13.03,-2.459,-0.929,-0.009982541195827033,0.03767026440223106,0.02985417938776627
19.42,121.059998,3.66,-12.105,1.905,-0.754,0.04529461449134602,0.03587164509406512,0.01618759949025549
67.879997,156.029999,-6.2,-17.607,6.172,-1.482,0.1583212304731578,0.04623370924023421,-0.027421616622837167
22.629999,149.729996,-14.53,-16.514,0.598,-1.189,0.05278151805584686,0.04436693676839306,-0.06426388540803613
28.959999,131.800003,3.13,-14.119,4.344,-0.791,0.06754541660014245,0.039054047655053804,0.013843493553141987
-3.5,140.020004,1.08,-15.602,-4.287,-1.284,-0.008163293033970703,0.04148974039762977,0.004776668702042603
-12.98,132.800003,9.07,-14.516,-4.5,-1.155,-0.030274155308839926,0.03935036060472084,0.0401151714143763
48.900002,119.830002,12.7,-12.684,5.673,-0.792,0.114052870196501,0.03550718135122646,0.05617008566290838
32.439999,121.589996,2.43,-12.739,0.887,-0.742,0.0756620622453476,0.03602869036476275,0.010747504579595857
-3.36,144.100006,-14.2,-16.233999,-0.625,-1.141,-0.007836761312611875,0.04269869782489716,-0.06280434774907867
44.049999,142.5,5.56,-15.58,8.486,-1.167,0.10274087142374756,0.042224595327552204,0.024590998132737844
32.560001,138.210007,4.67,-13.43,2.634,-1.12,0.07594195124267976,0.04095341484767128,0.020654669294943476
-4.62,132.990005,5.06,-12.903,-1.224,-0.792,-0.01077554680484133,0.03940666065778347,0.02237957743734775
27.68,112.910004,18.43,-11.193,4.618,-0.435,0.06455998605151689,0.0334566963321565,0.08151296683207886
19.98,119.970001,4.06,-12.834,1.376,-0.894,0.046600741376781336,0.035548664867866904,0.01795673604656756
-5.17,127.57,-3.32,-13.593,0.422,-0.911,-0.012058349995893869,0.0378006429890234,-0.014683833417390223
26.15,132.649994,0.91,-13.992,4.711,-0.99,0.060991460810952546,0.03930591099545423,0.004024785665609971
20.57,133.699997,0.1,-14.03,0.716,-1.018,0.047976839345364966,0.039617040481543464,0.00044228413907801883
-3.28,133.25,-3.87,-14.434,-0.848,-0.99,-0.007650171757549688,0.039483700543132154,-0.01711639618231933
14.95,117.25,8.39,-11.728,3.07,-0.537,0.03486892310224629,0.03474269334845962,0.03710763926864578
16.18,122.400002,3.76,-12.256,0.902,-0.609,0.037737737511327425,0.03626870563187074,0.016629883629333507
10.88,130.149994,-4.18,-13.782,1.265,-0.938,0.025376179488457506,0.03856512862128665,-0.018487477013461186
19.51,132.25,-0.1,-14.048,3.273,-1.106,0.04550452774079099,0.03918738759346512,-0.00044228413907801883
19.35,133.089996,-1.62,-14.65,0.424,-0.928,0.04513134863066661,0.03943628928593363,-0.0071650030530639045
19.059999,119.599998,1.59,-13.047,0.808,-0.392,0.04445495916119674,0.03543902818755125,0.007032317811340499
8.96,116.959999,1.38,-12.411,1.102,-0.628,0.020898030166965006,0.034656762296743235,0.006103521119276659
17.76,125.349998,1.58,-12.927,0.89,-1.071,0.041422881223805635,0.03714282764813669,0.006988089397432697
23.49,140.110001,-5.06,-14.827,1.372,-1.238,0.054787358105134805,0.04151640767416095,-0.02237957743734775
11.16,134.399994,-1.7,-14.314,1.479,-0.667,0.02602924293117516,0.03982445865737154,-0.007518830364326319
15.1,126.830002,-0.83,-13.6,1.156,-0.481,0.035218778517987895,0.0375813719988957,-0.003670958354347556
22.549999,124.629997,1.33,-12.664,0.994,-0.782,0.05259492850078467,0.03692948202806348,0.00588237904973765
20.49,126.940002,0.63,-12.787,1.886,-1.015,0.047790249790302775,0.037613966423359076,0.0027863900761915185
17.610001,134.300003,-6.57,-14.642,1.303,-1.05,0.04107302814043347,0.039794830029221386,-0.029058067937425835
19.08,129.449997,-0.12,-14.023,1.057,-0.597,0.04450160888233172,0.038357710445458576,-0.0005307409668936225
16.049999,128.380005,-2.94,-13.632,1.856,-0.578,0.03743452715198193,0.03804065795981845,-0.013003153688893753
11.99,128.369995,-5.48,-13.447,1.817,-0.888,0.027965109564945356,0.03803769186719228,-0.02423717082147543
17.41,126.07,0.43,-13.047,1.618,-0.825,0.04060655192040856,0.03735617356452285,0.0019018217980354807
16.52,130.309998,-1.48,-13.718,1.312,-0.716,0.03853074312034172,0.038612539878485175,-0.006545805258354678
15.12,133.699997,-4.46,-14.099,1.243,-0.863,0.03526542590675344,0.039617040481543464,-0.019725872602879637
22.49,133.979996,-5.01,-14.098,1.466,-0.978,0.052454988666857466,0.039700007811137285,-0.02215843536780874
20.5,129.130005,-2.29,-13.443,1.511,-0.727,0.047813573484685554,0.03826289267206873,-0.01012830678488663
13.75,126.330002,-0.03,-13.051,1.44,-0.64,0.03207007977631348,0.03743321552406218,-0.00013268524172340562
15.86,128.929993,-0.09,-13.491,1.208,-0.847,0.03699137929107867,0.03820362652637992,-0.0003980557251702169
16.59,134.940002,-2.82,-14.187,0.94,-0.938,0.038694008981021134,0.039984470020695335,-0.012472412722000129
13.92,133.300003,-1.9,-13.93,1.1,-0.809,0.03246658258082063,0.03949851707955435,-0.008403398642482357
17.120001,128.240005,-1.43,-13.504,1.232,-0.753,0.03993016711567757,0.037999174146865065,-0.006324663188815668
22.23,126.900002,-1.67,-13.225,1.361,-0.824,0.05184857261290536,0.037602113905372395,-0.007386145122602913
16.32,128.550003,-0.41,-13.124,1.353,-0.825,0.03806426923268626,0.03809103056863595,-0.001813364970219877
14.39,132.190002,-2.16,-13.826,1.393,-0.82,0.033562796216810985,0.039169609409110996,-0.009553337404085207
15.1,132.660004,-1.32,-13.875,0.72,-0.868,0.035218778517987895,0.039308877088080396,-0.005838150635829848
15.08,131.669998,-2.36,-13.663,0.928,-0.912,0.03517213112922235,0.039015525490032336,-0.010437905682241243
15.93,127.910004,-1.82,-13.395,1.494,-0.746,0.03715464515175809,0.03790139057716199,-0.008049571331219942
19.700001,127.339996,0.54,-13.263,1.514,-0.696,0.045947680266433116,0.03773248982534819,0.0023883343510213016
18.379999,131.240005,-1.27,-13.633,1.274,-0.879,0.042868947943168145,0.03888811299586616,-0.005617008566290839
14.21,133.25,-4.26,-14.052,1.113,-0.948,0.03314296971792106,0.039483700543132154,-0.0188413043247236
15.17,130.490005,-1.83,-13.688,1.07,-0.828,0.03538204437866731,0.03866587828361589,-0.008093799745127745
16.360001,128.880005,-0.64,-13.36,1.259,-0.797,0.03815756634258679,0.03818881443465197,-0.0028306184900993205
15.34,129.369995,-2.68,-13.509,1.559,-0.85,0.035778547183174456,0.038334004816859314,-0.011853214927290905
16.549999,128.630005,-0.14,-13.423,1.363,-0.813,0.0386007118711206,0.03811473619723521,-0.0006191977947092264
17.1,131.25,-0.06,-13.714,1.019,-0.813,0.039883517394542586,0.03889107464379808,-0.00026537048344681125
14.7,132.529999,-2.66,-13.868,1.159,-0.866,0.03428583074267696,0.03927035492305894,-0.0117647580994753
15.82,129.899994,-2.72,-13.557,1.219,-0.867,0.036898084513547584,0.03849105038386989,-0.012030128582922113
20.24,127.510002,-1.23,-13.25,1.552,-0.743,0.04720715743073344,0.03778286480466928,-0.005440094910659631
16.549999,127.370003,-0.72,-13.266,1.559,-0.726,0.0386007118711206,0.03774138128802885,-0.0031844458013617354
13.78,128.600006,-1.23,-13.567,1.388,-0.825,0.0321400508594618,0.03810584710505815,-0.005440094910659631
14.75,131.330002,-2.17,-13.962,0.968,-0.895,0.034402449214590826,0.03891478027239735,-0.009597565817993007
14.47,130.080002,-0.74,-13.654,0.983,-0.789,0.03374938577187317,0.03854438908531356,-0.003272902629177339
12.88,127.190002,-0.42,-13.312,1.185,-0.728,0.030040918365012194,0.037688044660775834,-0.001857593384127679
16.5,129.179993,-1.28,-13.466,1.33,-0.813,0.03848409573157618,0.03827770476379668,-0.005661236980198641
16.74,130.380005,0.58,-13.531,1.28,-0.825,0.03904386439676274,0.03863328385915252,0.002565248006652509
12.73,131.100006,-0.4,-13.804,1.305,-0.814,0.02969106294927059,0.03884662947922573,-0.0017691365563120753
12.51,131.309998,-1.89,-13.816,1.065,-0.848,0.029177941672849574,0.03890885282815221,-0.008359170228574554
14.62,129.470001,-0.43,-13.435,0.845,-0.844,0.034099241187614766,0.03836363788970371,-0.0019018217980354807
14.64,128.300003,0.72,-13.339,1.191,-0.766,0.03414588857638032,0.03801695233121919,0.0031844458013617354
14.56,129.550003,1.75,-13.412,1.201,-0.76,0.03395929902131813,0.03838734351830298,0.0077399724338653286
16.99,133.009995,-0.16,-13.847,1.035,-0.921,0.03962695675633207,0.039412583953647315,-0.0007076546225248301
14.33,131.410004,-0.63,-13.81,0.989,-0.899,0.03342285405051434,0.038938485900996606,-0.0027863900761915185
12.98,127.07,1.07,-13.371,1.161,-0.77,0.030274155308839926,0.037652486514189884,0.004732440288134802
16.530001,125.980003,1.65,-13.211,1.203,-0.77,0.03855406914709393,0.03732950628799167,0.007297688294787309
15.72,127.919998,0.6,-13.36,1.297,-0.833,0.03666484756971985,0.037904351928780965,0.0026537048344681125
12.64,129.75,-0.08,-13.607,1.265,-0.845,0.02948114969982563,0.03844660521929753,-0.00035382731126241507
14.33,130.770004,0.41,-13.732,1.069,-0.842,0.03342285405051434,0.03874884561320971,0.001813364970219877
14.54,130.330002,1.06,-13.597,0.955,-0.85,0.03391265163255258,0.03861846732273032,0.004688211874226999
15.3,127.839996,1.18,-13.376,1.307,-0.81,0.03568525240564337,0.0378806463001817,0.005218952841120622
18.1,126.139999,1.28,-13.312,1.489,-0.762,0.04221588683281993,0.037376915174686595,0.005661236980198641
19.41,127.669998,1.58,-13.378,1.404,-0.789,0.04527129079696325,0.03783027369136421,0.006988089397432697
15.67,129.619995,-0.48,-13.78,1.317,-0.89,0.03654822909780598,0.03840808305427607,-0.00212296386757449
14.49,129.75,-1.21,-13.873,1.114,-0.876,0.033796033160638714,0.03844660521929753,-0.005351638082844027
17.84,127.239998,1.03,-13.363,1.064,-0.769,0.04160947077886782,0.03770285912300738,0.004555526632503594
18.48,126.93,1.24,-13.225,1.389,-0.781,0.04310218721936532,0.037611002701236504,0.005484323324567433
15.29,130.389999,0.1,-13.474,1.35,-0.843,0.03566192871126059,0.03863624521077148,0.00044228413907801883
17.25,132.100006,0.35,-13.748,1.208,-0.863,0.04023337281028418,0.03914294242889276,0.0015479944867730657
16.26,131.690002,-0.16,-13.816,1.196,-0.873,0.03792432706638962,0.03902145293427748,-0.0007076546225248301
13.67,129.830002,-1.03,-13.561,1.309,-0.862,0.031883490221251296,0.0384703108478968,-0.004555526632503594
16.08,128.240005,0.2,-13.314,1.227,-0.83,0.03750450056749969,0.037999174146865065,0.0008845682781560377
17.25,129.309998,0.78,-13.495,1.076,-0.81,0.04023337281028418,0.03831622692881814,0.0034498162848085466
14.62,130.929993,0.43,-13.721,1.125,-0.835,0.034099241187614766,0.03879625242571399,0.0019018217980354807
15.76,132.470001,-0.67,-13.931,0.993,-0.913,0.036758142347250944,0.03925257673870482,-0.002963303731822726
17.57,131.399994,-0.8,-13.841,0.836,-0.875,0.040979731030532936,0.03893551980837044,-0.0035382731126241507
17.530001,128.970001,0.63,-13.469,1.263,-0.788,0.040886438585371276,0.038215481414870196,0.0027863900761915185
17.709999,129.860001,0.98,-13.522,1.407,-0.834,0.041306260419522324,0.038479199940073865,0.004334384562964584
17.58,132.279999,0.7,-13.748,1.195,-0.883,0.0410030547249157,0.039196276685642184,0.0030959889735461313
13.9,133.630005,0.54,-13.834,1.27,-0.892,0.032419935192055084,0.03959630094557037,0.0023883343510213016
12.74,131.929993,0.71,-13.711,1.245,-0.844,0.029714386643653362,0.03909256537538102,0.0031402173874539334
15.85,130.25,1.17,-13.589,1.03,-0.824,0.0369680555966959,0.03859476169413105,0.005174724427212819
16.809999,129.009995,1.75,-13.542,1.201,-0.818,0.039207127925072714,0.038227332154979185,0.0077399724338653286
13.47,130.589996,1.02,-13.7,1.38,-0.822,0.031417016333595824,0.03869550691176605,0.004511298218595792
15.71,132.649994,0.87,-13.8,1.471,-0.874,0.036641523875337076,0.03930591099545423,0.0038478720099787635
15.7,132.339996,-0.19,-13.964,1.207,-0.905,0.0366182001809543,0.039214054573683356,-0.0008403398642482358
13.26,130.050003,0.59,-13.644,1.303,-0.825,0.030927218751557583,0.0385354999931365,0.002609476420560311
15.53,127.220001,2.3,-13.287,1.281,-0.727,0.03622169737644715,0.03769693375295289,0.010172535198794432
17.5,128.279999,1.94,-13.471,1.191,-0.783,0.04081646516985352,0.03801102488697405,0.008580312298113565
14.92,130.630005,0.66,-13.813,1.27,-0.827,0.034798952019097974,0.038707362096569276,0.002919075317914924
15.42,130.839996,1.05,-13.929,1.262,-0.823,0.03596513673823665,0.03876958514918281,0.004643983460319198
16.950001,130.419998,1.64,-13.799,1.01,-0.829,0.03953366431117042,0.038645134302948546,0.007253459880879508
16.24,128.960007,2.28,-13.383,1.263,-0.772,0.037877679677624065,0.038212520063251224,0.010084078370978827
15.92,129.990005,0.99,-13.491,1.558,-0.792,0.03713132145737532,0.03851772180878237,0.004378612976872386
16.540001,130.100006,2.38,-13.551,1.234,-0.794,0.03857739284147671,0.0385503165295587,0.010526362510056847
15.7,132.389999,0.62,-13.881,1.166,-0.866,0.0366182001809543,0.03922887111010555,0.0027421616622837165
13.86,130.600006,0.42,-13.782,1.228,-0.85,0.03232664041452399,0.03869847300439221,0.001857593384127679
14.75,130.0,1.15,-13.568,0.9,-0.822,0.034402449214590826,0.03852068345671429,0.005086267599397216
16.690001,129.699997,1.78,-13.471,1.075,-0.792,0.03892724825721831,0.038431788682875334,0.007872657675588734
15.07,131.240005,0.71,-13.738,1.289,-0.844,0.03514880743483958,0.03888811299586616,0.0031402173874539334
15.07,132.380005,0.72,-13.816,1.106,-0.886,0.03514880743483958,0.03922590975848658,0.0031844458013617354
16.15,131.960007,0.12,-13.798,1.06,-0.877,0.0376677664281791,0.03910145891225232,0.0005307409668936225
14.29,130.139999,-0.21,-13.608,1.273,-0.845,0.03332955927298324,0.038562166973354725,-0.0009287966920638395
15.33,128.940002,-0.08,-13.599,1.125,-0.832,0.03575522348879168,0.038206592322693134,-0.00035382731126241507
18.190001,129.440002,1.24,-13.647,1.081,-0.832,0.042425802414634325,0.03835474879752665,0.005484323324567433
15.75,130.559998,1.69,-13.671,1.216,-0.833,0.03673481865286817,0.03868661811590193,0.007474601950418517
14.64,131.729996,0.7,-13.76,1.186,-0.859,0.03414588857638032,0.03903330367438646,0.0030959889735461313
16.9,130.630005,1.07,-13.651,1.161,-0.853,0.03941704350688711,0.038707362096569276,0.004732440288134802
17.18,129.669998,1.62,-13.409,1.425,-0.783,0.04007010694960477,0.03842289959069827,0.0071650030530639045
14.07,131.080002,0.55,-13.538,1.307,-0.802,0.03281643799656223,0.03884070203498059,0.0024325627649291037
16.469999,133.089996,0.33,-13.739,1.281,-0.865,0.038414122316058424,0.03943628928593363,0.001459537658957462
17.120001,132.100006,0.92,-13.796,1.22,-0.816,0.03993016711567757,0.03914294242889276,0.004069014079517773
14.81,130.729996,0.44,-13.858,1.171,-0.8,0.034542391380887466,0.03873699072471943,0.0019460502119432828
17.57,128.429993,2.11,-13.53,1.229,-0.786,0.040979731030532936,0.0380554700515464,0.009332195334546196
18.34,128.679993,1.92,-13.481,1.216,-0.792,0.042775655498006486,0.03812954828896316,0.00849185547029796
14.25,131.029999,1.24,-13.587,1.294,-0.828,0.03323626449545215,0.038825885498558386,0.005484323324567433
14.71,133.080002,0.49,-13.828,1.244,-0.871,0.03430915443705973,0.03943332793431466,0.002167192281482292
15.42,132.860001,0.65,-13.774,1.078,-0.878,0.03596513673823665,0.03936813878907496,0.002874846904007122
13.32,130.850006,0.28,-13.631,1.149,-0.869,0.031067160917854223,0.03877255124180897,0.0012383955894184528
12.93,130.699997,0.89,-13.525,1.074,-0.815,0.03015753683692606,0.03872810163254237,0.003936328837794367
15.5,131.460007,1.57,-13.621,1.022,-0.827,0.03615172629329883,0.038953302437418805,0.006943860983524896
13.98,132.880005,0.24,-13.796,1.04,-0.898,0.03260652474711727,0.0393740662333201,0.001061481933787245
12.92,133.389999,-1.01,-13.883,1.08,-0.887,0.030134213142543286,0.03952518405977258,-0.00446706980468799
15.23,131.929993,-0.1,-13.697,1.126,-0.863,0.03552198654496395,0.03909256537538102,-0.00044228413907801883
13.84,131.820007,-0.36,-13.71,0.975,-0.894,0.032279993025758444,0.03905997509929894,-0.0015922229006808677
12.77,131.600006,0.3,-13.664,1.179,-0.869,0.029784357726801682,0.038994785954059245,0.0013268524172340562
14.18,133.039993,0.41,-13.811,1.06,-0.906,0.03307299863477274,0.03942147274951143,0.001813364970219877
15.72,132.050003,0.61,-13.795,1.03,-0.893,0.03666484756971985,0.03912812589247056,0.0026979332483759145
13.27,130.020004,0.02,-13.772,1.044,-0.864,0.030950542445940355,0.038526610900959435,8.845682781560377e-05
13.38,129.119995,1.25,-13.576,1.056,-0.844,0.031207103084150863,0.038259926579442556,0.0055285517384752346
16.219999,130.649994,1.52,-13.591,1.276,-0.861,0.037831029956489085,0.03871328509612017,0.006722718913985886
15.82,130.210007,0.66,-13.679,1.396,-0.87,0.036898084513547584,0.038582911250335014,0.002919075317914924
15.38,130.919998,-0.31,-13.784,1.333,-0.89,0.03587184196070555,0.03879329077778206,-0.0013710808311418582
16.15,129.940002,0.64,-13.706,1.186,-0.843,0.0376677664281791,0.038502905272360166,0.0028306184900993205
15.96,130.089996,0.37,-13.688,1.209,-0.832,0.037224616234906416,0.03854735043693253,0.0016364513145886695
15.25,130.429993,0.67,-13.583,1.214,-0.831,0.0355686339337295,0.03864809595088047,0.002963303731822726
16.26,130.669998,0.42,-13.754,1.19,-0.849,0.03792432706638962,0.038719212540365304,0.001857593384127679
14.91,130.970001,0.59,-13.822,1.16,-0.852,0.0347756283247152,0.03880810731420426,0.002609476420560311
14.62,133.0,-0.66,-13.946,1.172,-0.893,0.034099241187614766,0.039409622305715396,-0.002919075317914924
17.889999,130.669998,0.69,-13.631,1.358,-0.848,0.041726086918412245,0.038719212540365304,0.0030517605596383293
16.15,128.759995,0.99,-13.532,1.247,-0.832,0.0376677664281791,0.03815325391756243,0.004378612976872386
13.81,128.869995,0.95,-13.564,1.161,-0.824,0.03221002194261012,0.0381858483420258,0.004201699321241178
15.77,131.149994,0.16,-13.863,1.084,-0.862,0.036781466041633716,0.038861441570953684,0.0007076546225248301
15.6,132.300003,0.65,-13.845,1.029,-0.853,0.03638496323712657,0.03920220412988732,0.002874846904007122
13.88,131.0,0.72,-13.657,1.116,-0.823,0.03237328780328954,0.038816996406381324,0.0031844458013617354
14.16,129.809998,1.22,-13.507,1.116,-0.819,0.03302635124600719,0.03846438340365166,0.005395866496751829
16.17,130.630005,1.4,-13.56,1.183,-0.834,0.03771441381694466,0.038707362096569276,0.006191977947092263
15.68,129.960007,0.8,-13.703,1.152,-0.817,0.03657155279218875,0.038508833012918256,0.0035382731126241507
14.53,129.639999,0.57,-13.751,1.013,-0.825,0.03388932793816981,0.03841401049852121,0.002521019592744707
15.94,130.589996,-0.41,-13.846,0.972,-0.859,0.037177968846140864,0.03869550691176605,-0.001813364970219877
15.15,128.330002,0.77,-13.583,0.956,-0.797,0.03533539698990176,0.03802584142339625,0.0034055878709007446
15.73,128.309998,0.66,-13.625,1.144,-0.791,0.03668817126410262,0.03801991397915111,0.002919075317914924
17.77,129.720001,0.28,-13.701,1.227,-0.817,0.0414462049181884,0.03843771612712047,0.0012383955894184528
16.879999,130.089996,-0.28,-13.774,1.193,-0.829,0.039370393785752134,0.03854735043693253,-0.0012383955894184528
16.85,130.380005,-0.73,-13.75,1.391,-0.812,0.03930042503497325,0.03863328385915252,-0.003228674215269537
16.129999,129.479996,0.01,-13.571,1.166,-0.777,0.03762111670704413,0.03836659953763564,4.422841390780188e-05
16.959999,129.259995,0.17,-13.579,1.299,-0.779,0.03955698334081432,0.03830141039239594,0.000751883036432632
14.5,129.289993,0.56,-13.553,1.173,-0.8,0.033819356855021486,0.03831029918826005,0.0024767911788369057
15.52,130.380005,-0.04,-13.791,1.22,-0.832,0.036198373682064376,0.03863328385915252,-0.00017691365563120753
15.09,131.0,0.88,-13.711,1.122,-0.842,0.03519545482360512,0.038816996406381324,0.0038921004238865655
13.81,130.910004,0.43,-13.653,1.181,-0.851,0.03221002194261012,0.03879032942616309,0.0019018217980354807
13.8,131.130005,0.39,-13.645,1.273,-0.857,0.03218669824822735,0.03885551857140279,0.0017249081424042733
15.98,131.550003,1.6,-13.526,1.442,-0.832,0.03727126362367196,0.038979969417637046,0.007076546225248301
15.71,131.979996,0.46,-13.702,1.34,-0.838,0.036641523875337076,0.03910738191180322,0.0020345070397588864
14.19,131.600006,-0.04,-13.777,1.179,-0.828,0.03309632232915551,0.038994785954059245,-0.00017691365563120753
16.24,129.820007,0.43,-13.721,1.003,-0.79,0.037877679677624065,0.038467349199964876,0.0019018217980354807
17.639999,128.270004,1.01,-13.579,1.158,-0.762,0.04114299455884291,0.03800806323904213,0.00446706980468799
16.42,128.600006,1.39,-13.607,1.172,-0.771,0.03829750617651399,0.03810584710505815,0.006147749533184461
17.719999,130.5,1.22,-13.776,1.162,-0.804,0.0413295841139051,0.03866883993154781,0.005395866496751829
16.15,132.839996,1.14,-13.786,1.222,-0.849,0.0376677664281791,0.03936221104851687,0.005042039185489414
14.46,132.809998,1.09,-13.712,1.297,-0.872,0.0337260620774904,0.03935332225265276,0.004820897115950405
14.95,132.979996,0.04,-13.742,1.238,-0.883,0.03486892310224629,0.03940369486147025,0.00017691365563120753
14.29,131.009995,1.19,-13.577,1.088,-0.834,0.03332955927298324,0.03881995805431325,0.005263181255028423
13.23,132.740005,0.45,-13.792,1.189,-0.868,0.030857247668409263,0.03933258242036671,0.0019902786258510848
12.4,133.089996,0.63,-13.804,1.073,-0.876,0.028921381034639065,0.03943628928593363,0.0027863900761915185
13.09,132.729996,0.67,-13.775,0.991,-0.869,0.030530715947050435,0.039329616624053494,0.002963303731822726
13.1,132.190002,0.71,-13.686,1.115,-0.853,0.030554039641433207,0.039169609409110996,0.0031402173874539334
13.51,131.669998,1.09,-13.605,1.326,-0.83,0.03151031111112692,0.039015525490032336,0.004820897115950405
14.22,133.460007,0.76,-13.71,1.17,-0.853,0.033166293412303836,0.03954592833675288,0.003361359456992943
14.45,134.410004,0.0,-13.833,1.178,-0.864,0.03370273838310762,0.0398274247499977,0.0
12.63,132.830002,-0.01,-13.805,1.117,-0.85,0.029457826005442857,0.0393592496968979,-4.422841390780188e-05
13.55,132.070007,0.37,-13.723,1.083,-0.848,0.031603605888658015,0.0391340533367157,0.0016364513145886695
13.14,130.690002,0.86,-13.632,1.075,-0.848,0.030647334418964303,0.03872513998461045,0.0038036435960709615
13.47,130.25,0.62,-13.692,1.295,-0.843,0.031417016333595824,0.03859476169413105,0.0027421616622837165
14.23,131.630005,0.4,-13.754,1.302,-0.853,0.03318961710668661,0.03900367504623631,0.0017691365563120753
14.24,133.169998,-0.4,-13.922,1.182,-0.894,0.03321294080106938,0.039459994914532885,-0.0017691365563120753
13.58,131.910004,0.54,-13.719,1.248,-0.864,0.03167357697180633,0.03908664237583012,0.0023883343510213016
13.55,131.449997,1.14,-13.582,1.229,-0.858,0.031603605888658015,0.03895033634479264,0.005042039185489414
14.04,131.449997,1.35,-13.603,1.173,-0.87,0.03274646691341391,0.03895033634479264,0.005970835877553254
13.67,132.410004,0.59,-13.827,1.135,-0.89,0.031883490221251296,0.03923479885066364,0.002609476420560311
13.92,132.360001,0.84,-13.859,1.188,-0.893,0.03246658258082063,0.039219982314241446,0.003715186768255358
15.09,132.059998,0.14,-13.834,1.22,-0.891,0.03519545482360512,0.03913108754040248,0.0006191977947092264
14.74,130.720001,1.13,-13.51,1.22,-0.83,0.034379125520208054,0.0387340290767875,0.004997810771581612
15.27,130.770004,0.62,-13.571,1.342,-0.821,0.03561528132249504,0.03874884561320971,0.0027421616622837165
16.209999,131.789993,0.56,-13.711,1.255,-0.848,0.037807706262106305,0.03905108156242764,0.0024767911788369057
14.9,132.669998,0.87,-13.723,1.082,-0.862,0.03475230463033243,0.03931183843969937,0.0038478720099787635
14.58,133.720001,-0.68,-13.905,1.142,-0.885,0.03400594641008368,0.03962296792578861,-0.003007532145730528
15.73,130.990005,0.74,-13.664,1.101,-0.811,0.03668817126410262,0.038814034758449405,0.003272902629177339
16.48,129.160004,1.58,-13.531,1.179,-0.78,0.03843744834281063,0.03827178176424578,0.006988089397432697
16.91,129.050003,1.03,-13.664,1.391,-0.807,0.03944036720126989,0.038239187043469465,0.004555526632503594
16.23,129.940002,0.96,-13.701,1.174,-0.821,0.03785435598324129,0.038502905272360166,0.00424592773514898
15.79,132.899994,-0.17,-13.838,1.21,-0.877,0.03682811343039926,0.03937998923287099,-0.000751883036432632
14.01,132.25,0.65,-13.681,1.161,-0.859,0.03267649583026559,0.03918738759346512,0.002874846904007122
13.95,132.360001,0.42,-13.71,1.136,-0.856,0.032536553663968945,0.039219982314241446,0.001857593384127679
14.36,131.369995,0.73,-13.674,1.178,-0.856,0.03349282513366266,0.03892663071619338,0.003228674215269537
12.94,132.119995,0.2,-13.75,1.095,-0.885,0.03018086053130883,0.039148865428443654,0.0008845682781560377
13.71,133.449997,-0.34,-13.813,1.271,-0.901,0.03197678499878239,0.039542962244126706,-0.001503766072865264
14.5,133.039993,-0.59,-13.795,1.21,-0.884,0.033819356855021486,0.03942147274951143,-0.002609476420560311
13.56,132.199997,-0.82,-13.782,1.096,-0.877,0.03162692958304079,0.039172571057042915,-0.003626729940439754
11.97,131.770004,0.24,-13.635,1.123,-0.877,0.02791846217617981,0.03904515856287674,0.001061481933787245
12.6,132.899994,0.4,-13.711,1.176,-0.896,0.029387854922294534,0.03937998923287099,0.0017691365563120753
13.59,132.770004,0.63,-13.72,1.137,-0.884,0.031696900666189104,0.039341471512543774,0.0027863900761915185
12.75,132.429993,-0.01,-13.784,1.052,-0.879,0.029737710338036138,0.03924072185021454,-4.422841390780188e-05
13.0,132.160004,0.64,-13.657,1.211,-0.871,0.03032080269760547,0.03916072061324688,0.0028306184900993205
12.37,131.649994,1.41,-13.557,1.171,-0.86,0.028851409951490745,0.0390095980457872,0.006236206361000064
11.31,131.740005,0.86,-13.667,1.132,-0.858,0.026379098346916763,0.03903626947069968,0.0038036435960709615
12.27,132.539993,0.52,-13.74,1.281,-0.868,0.02861817300766301,0.039273316274677915,0.0022998775232056976
13.21,131.330002,0.88,-13.674,1.187,-0.852,0.030810600279643715,0.03891478027239735,0.0038921004238865655
13.66,129.949997,0.93,-13.605,1.193,-0.828,0.031860166526868516,0.03850586692029209,0.004113242493425575
14.56,128.850006,0.7,-13.61,1.195,-0.794,0.03395929902131813,0.038179925342474906,0.0030959889735461313
16.610001,129.279999,0.74,-13.661,1.194,-0.787,0.03874065870215612,0.03830733783664108,0.003272902629177339
16.35,130.809998,0.52,-13.777,1.15,-0.825,0.03813424031583458,0.03876069635331869,0.0022998775232056976
16.02,130.839996,0.78,-13.734,1.279,-0.827,0.03736455840120305,0.03876958514918281,0.0034498162848085466
16.030001,130.850006,0.42,-13.689,1.313,-0.835,0.03738788442795526,0.03877255124180897,0.001857593384127679
16.389999,131.440002,0.14,-13.677,1.298,-0.828,0.038227532760996226,0.03894737469686072,0.0006191977947092264
15.89,130.910004,0.66,-13.617,1.169,-0.801,0.037061350374226996,0.03879032942616309,0.002919075317914924
16.74,131.119995,0.41,-13.707,1.193,-0.806,0.03904386439676274,0.03885255247877662,0.001813364970219877
16.59,132.470001,0.2,-13.762,1.148,-0.838,0.038694008981021134,0.03925257673870482,0.0008845682781560377
15.41,132.630005,0.58,-13.689,1.116,-0.841,0.035941813043853875,0.03929998799590334,0.002565248006652509
16.91,131.429993,0.69,-13.7,1.225,-0.819,0.03944036720126989,0.038944408900547504,0.0030517605596383293
18.309999,130.649994,1.15,-13.647,1.182,-0.804,0.04270568208248873,0.03871328509612017,0.005086267599397216
18.940001,132.059998,-0.16,-13.826,1.22,-0.843,0.04417507949334233,0.03913108754040248,-0.0007076546225248301
