39.0,-74.870003,4.85,-7.732,2.3,-3.098,0.04776786271346883,-0.04773565562584436,0.018127689322314972,0.006053298803313147
38.450001,-74.339996,5.41,-7.663,2.212,-3.109,0.04709421459232664,-0.04739773348590152,0.02022078334715959,0.006639088151194904
37.32,-75.150002,4.95,-7.722,2.297,-3.103,0.045710170165811706,-0.04791417753453963,0.018501456112465797,0.0054324829145792905
37.689999,-76.980003,5.81,-7.621,2.173,-3.086,0.04616335122827634,-0.049080950528136956,0.021715850507762882,0.006266083735967422
38.189999,-77.279999,6.49,-7.592,2.159,-3.08,0.046775759724602864,-0.04927222213453893,0.024257464680788487,0.007253667423617473
38.470001,-76.599998,5.81,-7.657,2.17,-3.069,0.04711871093217971,-0.04883866674171719,0.021715850507762882,0.006665298232741801
38.880001,-75.279999,4.5,-7.777,2.161,-3.096,0.04762088589916745,-0.04799706108971183,0.016819505556787087,0.005481110122080903
38.93,-76.160004,5.01,-7.656,2.2,-3.081,0.04768212552398311,-0.048558135137338365,0.01872571618655629,0.005949902191067013
39.299999,-76.099998,5.2,-7.612,2.266,-3.07,0.04813530658644775,-0.04851987648051041,0.019435873087842857,0.006350434397926731
38.700001,-75.389999,5.11,-7.657,2.457,-3.077,0.04740041884048991,-0.048067194947177316,0.019099482976707115,0.006144235623339902
39.279999,-73.75,4.53,-7.706,2.374,-3.096,0.04811081024659468,-0.04702156352799961,0.016931635593832334,0.006006960770809134
39.84,-74.400002,4.45,-7.67,2.507,-3.069,0.04879670898729739,-0.04743599214272946,0.016632622161711675,0.005997779668759868
40.25,-73.419998,3.76,-7.755,2.497,-3.092,0.04929888395428513,-0.046811160680442096,0.014053631309670987,0.005513784861171341
41.09,-74.550003,4.73,-7.68,2.68,-3.075,0.050327730228113696,-0.04753162985867202,0.017679169174133983,0.006825089847858553
40.360001,-74.239998,4.44,-7.681,2.53,-3.088,0.04943361504829396,-0.0473339767088212,0.016595245482696596,0.0062316279407231175
38.91,-73.110001,4.24,-7.642,2.624,-3.102,0.047657629184130045,-0.046613512631235456,0.015847711902394944,0.005630609485096511
39.009998,-71.730003,3.53,-7.716,2.53,-3.116,0.047780108433761376,-0.045733652785465796,0.013193967692324093,0.005080141113539891
40.450001,-71.57,3.23,-7.701,2.655,-3.113,0.049543848577632735,-0.04563163798913806,0.01207266732187162,0.005328292636788766
38.939999,-72.440002,3.51,-7.678,2.489,-3.1,0.04769437246909265,-0.0461863343187989,0.013119214334293928,0.004875750828195894
38.439999,-72.519997,3.39,-7.713,2.355,-3.097,0.04708196397276612,-0.04623733757268937,0.012670694186112939,0.00450510686206323
39.619999,-72.300003,3.85,-7.719,2.411,-3.12,0.04852724802409672,-0.04609707368324153,0.01439002142080673,0.005606731920553974
39.849998,-71.029999,3.13,-7.801,2.33,-3.166,0.048808954707589926,-0.045287343869454225,0.011698900531720796,0.005073503789952165
39.18,-71.379997,3.64,-7.771,2.235,-3.143,0.04798832977214637,-0.04551049577713792,0.01360511116149,0.005360981718832816
40.810001,-72.459999,4.09,-7.734,2.234,-3.115,0.04998478269498783,-0.0461990840165056,0.015287061717168707,0.006357586798550314
39.91,-73.559998,4.14,-7.75,2.229,-3.102,0.04888244617678309,-0.046900421953579984,0.01547394511224412,0.005818656445149076
39.41,-74.089996,4.9,-7.69,2.095,-3.078,0.04827003768045657,-0.04723833835529813,0.018314572717390384,0.006448757347516275
39.310001,-73.949997,4.4,-7.779,2.062,-3.083,0.04814755720600826,-0.04714907771974075,0.016445738766636266,0.005814739417634592
39.060001,-73.300003,4.81,-7.689,2.117,-3.111,0.047841352957845,-0.04673465420565508,0.017978182606254643,0.006361627119481523
39.200001,-72.5,4.73,-7.684,2.122,-3.149,0.04801282733681643,-0.04622458787498267,0.017679169174133983,0.006489136211989249
38.889999,-70.779999,4.33,-7.764,2.296,-3.174,0.04763313161946,-0.045127948738850836,0.016184102013530686,0.0062297616313799495
37.490002,-71.040001,4.57,-7.747,2.142,-3.141,0.04591839150419671,-0.045293720949839404,0.017081142309892664,0.005901937621416656
39.450001,-73.599998,4.56,-7.724,2.263,-3.077,0.04831903158497969,-0.04692592517447653,0.01704376563087758,0.00614562401379358
40.43,-73.699997,4.36,-7.678,2.368,-3.07,0.04951935101296268,-0.04698968258913736,0.016296232050575933,0.006275300158133751
39.59,-72.470001,3.61,-7.783,2.443,-3.093,0.048490504739134126,-0.046205461096890776,0.013492981124444752,0.005259341588896034
40.41,-71.620003,3.43,-7.743,2.561,-3.107,0.049494854673109615,-0.0456635189280003,0.012820200902173269,0.005550512215760861
39.82,-72.129997,3.88,-7.695,2.594,-3.111,0.04877221264744432,-0.04598868116894809,0.014502151457851976,0.00576189431211607
40.150002,-71.839996,4.04,-7.675,2.604,-3.114,0.049176404704653814,-0.04580378217986763,0.015100178322093297,0.00615760028229316
39.389999,-71.139999,3.26,-7.772,2.489,-3.126,0.04824554011578652,-0.04535747772691971,0.012184797358916867,0.00502428658259456
39.07,-72.330002,3.9,-7.686,2.599,-3.09,0.04785359990295454,-0.046116200461333405,0.014576904815882141,0.005438101419167759
38.919998,-72.099998,3.55,-7.712,2.648,-3.081,0.04766987490442259,-0.0459695543908562,0.013268721050354258,0.004989680521306885
40.02,-71.349998,3.88,-7.646,2.656,-3.087,0.049017176045974935,-0.04549136899904603,0.014502151457851976,0.006009319501593627
39.759998,-70.230003,3.18,-7.75,2.535,-3.116,0.04869872117825116,-0.04477728200184546,0.01188578392679621,0.005269074367733968
38.720001,-70.830002,3.71,-7.737,2.4,-3.093,0.04742491518034297,-0.04515982967771307,0.013866747914595577,0.005377277805741825
38.869999,-70.379997,3.58,-7.793,2.344,-3.102,0.04760863527960694,-0.044872915254724366,0.013380851087399505,0.005372190370760692
39.439999,-70.410004,3.55,-7.793,2.412,-3.102,0.048306780965419176,-0.04489204713346043,0.013268721050354258,0.005561151627437669
40.549999,-70.629997,3.34,-7.84,2.35,-3.124,0.04966632782726405,-0.045032310385327755,0.012483810791037527,0.0057059427443246075
39.279999,-72.43,4.08,-7.773,2.262,-3.101,0.04811081024659468,-0.04617995723841372,0.015249685038153627,0.005726846015444861
39.48,-72.970001,4.12,-7.742,2.188,-3.096,0.04835577486994228,-0.046524251358097554,0.015399191754213956,0.005743571755352894
38.91,-74.279999,4.71,-7.694,2.182,-3.071,0.047657629184130045,-0.04735948056729827,0.017604415816103818,0.005967521477645197
39.860001,-74.279999,4.57,-7.708,2.268,-3.071,0.048821206551967436,-0.04735948056729827,0.017081142309892664,0.006180956098187276
38.560001,-74.370003,5.08,-7.664,2.071,-3.068,0.04722894446151848,-0.04741686536463758,0.018987352939661868,0.0062664773455142556
39.580002,-75.010002,5.54,-7.624,2.217,-3.042,0.04847825901884158,-0.04782491626140173,0.02070668017435566,0.007120007643931836
38.75,-74.599998,4.26,-7.776,2.109,-3.075,0.04746165846530556,-0.047563505696890086,0.01592246526042511,0.005273539342946862
38.57,-73.919998,4.2,-7.793,2.245,-3.095,0.04724119140662802,-0.047129950941648874,0.015698205186334614,0.005269815217104586
39.639999,-74.470001,5.06,-7.668,2.483,-3.076,0.04855174436394979,-0.04748062214171789,0.0189125995816317,0.006661240601287866
40.09,-75.860001,4.47,-7.745,2.394,-3.037,0.04910291323546065,-0.048366859067872726,0.01670737551974184,0.005814476562443254
41.049999,-75.199997,4.03,-7.762,2.412,-3.044,0.050278736323590575,-0.047946053372757695,0.015062801643078215,0.0057984948646370325
39.16,-72.330002,3.38,-7.8,2.532,-3.107,0.04796383343229331,-0.046116200461333405,0.012633317507097857,0.004826983492685921
38.560001,-71.940002,4.01,-7.674,2.488,-3.102,0.04722894446151848,-0.04586754405759212,0.014988048285048048,0.005449816229658135
40.119999,-73.260002,3.78,-7.731,2.496,-3.078,0.04913965652042324,-0.04670915034717801,0.014128384667701152,0.00551963028031546
40.82,-73.339996,3.21,-7.771,2.585,-3.07,0.04999702964009737,-0.04676015296348796,0.011997913963841455,0.005078263546816954
39.869999,-73.599998,4.12,-7.653,2.597,-3.065,0.048833452272259985,-0.04692592517447653,0.015399191754213956,0.005768906283999137
39.529999,-72.849998,3.61,-7.759,2.54,-3.087,0.048417014494757944,-0.046447739782666364,0.013492981124444752,0.005154085278845444
39.07,-72.18,3.4,-7.747,2.485,-3.088,0.04785359990295454,-0.04602056210781033,0.012708070865128021,0.004847036220090744
37.84,-72.599998,2.96,-7.776,2.436,-3.092,0.0463470750019913,-0.046288344652062975,0.011063496988464394,0.003707409112797572
37.240002,-72.599998,3.14,-7.744,2.429,-3.096,0.04561218725603344,-0.046288344652062975,0.01173627721073588,0.003686706604902116
37.220001,-73.07,3.11,-7.833,2.519,-3.12,0.0455876896913634,-0.046588008772758385,0.011624147173690631,0.0035412760307652145
36.560001,-73.650002,4.33,-7.715,2.372,-3.1,0.044779310476212385,-0.0469578067509193,0.016184102013530686,0.0046685352462745916
36.040001,-73.459999,4.03,-7.807,2.249,-3.115,0.04414240564003279,-0.04683666453891915,0.015062801643078215,0.004122847581397285
37.099998,-73.879997,4.58,-7.802,2.254,-3.111,0.04544070797779405,-0.0471044470831718,0.017118518988907747,0.005151593294509998
37.400002,-72.779999,3.91,-7.956,2.172,-3.141,0.04580815797485793,-0.04640310978367794,0.014614281494897225,0.004673109895359072
37.709999,-73.959999,4.75,-7.779,2.135,-3.102,0.0461878475681294,-0.04715545480012593,0.017753922532164148,0.005595438433389207
38.490002,-74.300003,4.83,-7.741,2.256,-3.102,0.047143208496849755,-0.04737223472806863,0.018052935964284807,0.00594130324435531
38.220001,-74.480003,4.31,-7.73,2.166,-3.108,0.046812506684016444,-0.04748699922210307,0.01610934865550052,0.005144952039137966
38.549999,-74.650002,4.2,-7.715,2.203,-3.095,0.04721669384195796,-0.04759538727333285,0.015698205186334614,0.005106503918319907
37.700001,-73.379997,3.7,-7.82,2.192,-3.119,0.04617560184783685,-0.046785656821965026,0.013829371235580494,0.00440643875381744
37.790001,-73.830002,4.57,-7.664,2.274,-3.104,0.04628583537717563,-0.04707257124495373,0.017081142309892664,0.005431468814038187
37.119999,-72.019997,3.51,-7.868,2.32,-3.156,0.0454652055424641,-0.045918547311482594,0.013119214334293928,0.0042219575217584794
36.669998,-72.269997,4.37,-7.753,2.321,-3.145,0.04491403667095324,-0.04607794244208598,0.016333608729591016,0.005056567652819425
36.93,-72.410004,4.6,-7.703,2.489,-3.133,0.04523249153867702,-0.04616720817828754,0.01719327234693791,0.00541951856910913
36.450001,-71.75,4.32,-7.715,2.38,-3.137,0.04464458060702055,-0.0457464024831725,0.016146725334515603,0.005014967819454551
38.439999,-73.099998,5.03,-7.675,2.635,-3.107,0.04708196397276612,-0.04660713491326975,0.018800469544586456,0.006425099534694275
38.619999,-72.110001,4.19,-7.794,2.511,-3.125,0.04730243103144367,-0.0459759321088219,0.015660828507319535,0.005662442476647103
39.759998,-71.910004,3.31,-7.837,2.637,-3.132,0.04869872117825116,-0.04584841791708076,0.01237168075399228,0.005073994671720892
39.080002,-73.040001,3.74,-7.739,2.622,-3.115,0.047865850522515054,-0.04656888199466651,0.013978877951640824,0.005091948826496456
40.009998,-74.370003,3.78,-7.733,2.574,-3.089,0.04900492542641442,-0.04741686536463758,0.014128384667701152,0.005238814909825998
40.389999,-73.879997,2.59,-7.92,2.539,-3.118,0.04947035710843957,-0.0471044470831718,0.009680559864906344,0.00401548996339137
38.369999,-73.300003,3.69,-7.752,2.481,-3.122,0.046996226783280415,-0.04673465420565508,0.013791994556565412,0.004684522378063583
37.560001,-72.32,3.09,-7.87,2.411,-3.138,0.04600412746886543,-0.04610982338094822,0.011549393815660466,0.003814565967859226
37.700001,-72.309998,3.8,-7.8,2.383,-3.119,0.04617560184783685,-0.04610344630056304,0.014203138025731317,0.004758431191001711
37.549999,-72.580002,3.62,-7.839,2.398,-3.122,0.04599187684930491,-0.046275595591936794,0.013530357803459835,0.004415546353609317
38.330002,-73.860001,4.03,-7.779,2.323,-3.108,0.046947237778025265,-0.04709169802304562,0.015062801643078215,0.004972780466019286
39.099998,-74.669998,4.69,-7.739,2.387,-3.074,0.047890341963100144,-0.04760813633345904,0.017529662458073653,0.005937289362571586
38.740002,-74.830002,5.13,-7.722,2.238,-3.071,0.04744941274501301,-0.04771015176736729,0.01917423633473728,0.006304499104127669
38.82,-74.199997,4.86,-7.803,2.172,-3.091,0.047547395654791276,-0.04730847285034414,0.018165066001330055,0.006134662935259064
38.860001,-73.330002,4.11,-7.901,2.191,-3.111,0.04759638955931439,-0.046753780983746954,0.015361815075198874,0.005401474550255437
38.959999,-74.389999,4.97,-7.707,2.268,-3.083,0.047718868808945714,-0.04742961442476376,0.01857620947049596,0.006288487951559305
38.169998,-74.790001,5.01,-7.634,2.165,-3.066,0.04675126215993281,-0.04768464790889023,0.01872571618655629,0.005930776812532957
38.419998,-74.010002,4.05,-7.777,2.175,-3.086,0.04705746640809607,-0.04718733573898818,0.015137555001108378,0.005002561890072089
39.060001,-74.269997,3.56,-7.86,2.224,-3.1,0.047841352957845,-0.047353103486913094,0.01330609772936934,0.004598115733433749
40.290001,-75.029999,4.02,-7.748,2.421,-3.082,0.049347877858808245,-0.04783766595910844,0.01502542496406313,0.0055118789545876455
37.939999,-72.809998,3.25,-7.812,2.363,-3.111,0.0464695554764396,-0.04642223656176982,0.012147420679901785,0.004064913198190522
38.220001,-71.480003,3.04,-7.792,2.512,-3.12,0.046812506684016444,-0.04557425765486241,0.011362510420585054,0.00420025314991303
39.310001,-71.910004,2.77,-7.815,2.628,-3.132,0.04814755720600826,-0.04584841791708076,0.01035334008717783,0.004217493125368443
38.540001,-71.519997,1.79,-7.937,2.465,-3.156,0.04720444812166541,-0.045599757050275816,0.006690425543699753,0.0027650388716964486
38.549999,-72.540001,2.8,-7.792,2.507,-3.129,0.04721669384195796,-0.04625009173345973,0.010465470124223076,0.0038106907442404347
38.610001,-73.309998,3.57,-7.681,2.533,-3.121,0.047290185311151124,-0.046741026822976595,0.013343474408384423,0.0046308776321863174
38.330002,-72.660004,2.6,-7.821,2.47,-3.145,0.046947237778025265,-0.04632660330889093,0.009717936543921429,0.003446190337685255
38.720001,-72.300003,2.37,-7.854,2.51,-3.148,0.04742491518034297,-0.04609707368324153,0.008858272926574533,0.0033953714745586575
39.029999,-72.269997,2.8,-7.795,2.544,-3.136,0.04780460599843142,-0.04607794244208598,0.010465470124223076,0.004064044560189504
39.18,-71.379997,2.58,-7.868,2.477,-3.143,0.04798832977214637,-0.04551049577713792,0.009643183185891264,0.004040339060299904
39.23,-71.879997,3.6,-7.752,2.385,-3.121,0.048049570621779024,-0.0458292860383447,0.01345560444542967,0.005225296342954665
39.52,-73.080002,4.44,-7.66,2.506,-3.104,0.04840476754964841,-0.046594385853143565,0.016595245482696596,0.006135209059733814
39.389999,-72.889999,3.27,-7.828,2.325,-3.13,0.04824554011578652,-0.046473243641143434,0.01222217403793195,0.004664823504191679
39.689999,-73.690002,3.56,-7.803,2.351,-3.114,0.048612985213582434,-0.046983309971815844,0.01330609772936934,0.004978590990378643
38.290001,-73.709999,4.17,-7.735,2.179,-3.105,0.04689824387350215,-0.04699605966952254,0.015586075149289367,0.0051627531177563255
38.860001,-72.980003,4.27,-7.747,2.276,-3.122,0.04759638955931439,-0.046530628438482734,0.01595984193944019,0.005675201020090615
39.57,-72.599998,4.31,-7.808,2.341,-3.141,0.048466008399281064,-0.046288344652062975,0.01610934865550052,0.006095670800906203
38.889999,-72.889999,4.88,-7.754,2.188,-3.133,0.04763313161946,-0.046473243641143434,0.01823981935936022,0.0064665691125589285
40.68,-74.209999,5.01,-7.703,2.324,-3.095,0.04982555526112594,-0.04731484993072932,0.01872571618655629,0.007078807172317638
40.830002,-73.769997,3.7,-7.848,2.222,-3.105,0.05000928025965789,-0.047034313225706316,0.013829371235580494,0.0056014460898440215
40.34,-73.43,4.23,-7.744,2.29,-3.098,0.049409117483623914,-0.046817537760827276,0.015810335223379865,0.0061339716487255015
39.91,-73.07,3.88,-7.762,2.376,-3.112,0.04888244617678309,-0.046588008772758385,0.014502151457851976,0.005598862953958894
39.32,-73.129997,3.46,-7.792,2.443,-3.125,0.0481598041511178,-0.04662626169136164,0.012932330939218516,0.004821957799658226
38.75,-73.18,3.52,-7.762,2.434,-3.111,0.04746165846530556,-0.04665814263022389,0.01315659101330901,0.004653368949463562
38.610001,-71.900002,2.71,-7.848,2.561,-3.114,0.047290185311151124,-0.04584204083669558,0.010129080013087335,0.0038590748291809592
38.0,-70.879997,2.45,-7.876,2.487,-3.125,0.04654304572081578,-0.045191705515931144,0.009157286358695192,0.0035028755211932764
38.349998,-71.419998,2.67,-7.807,2.51,-3.117,0.046971729218610356,-0.045535999635614985,0.009979573297027006,0.003805100960007459
38.459999,-71.779999,2.56,-7.786,2.522,-3.124,0.04710646031261919,-0.045765529261264384,0.009568429827861099,0.0036364536264053018
37.889999,-71.870003,2.9,-7.758,2.456,-3.122,0.04640831462680695,-0.04582291405860369,0.0108392369143739,0.003808212494192387
38.43,-70.580002,1.85,-7.934,2.51,-3.143,0.04706971702765659,-0.04500043454710968,0.006914685617790247,0.002994656032779051
38.459999,-71.379997,2.56,-7.837,2.43,-3.126,0.04710646031261919,-0.04551049577713792,0.009568429827861099,0.0037214647877807892
38.470001,-72.760002,3.99,-7.617,2.377,-3.082,0.04711871093217971,-0.046390360085971236,0.014913294927017885,0.005213881924408787
37.040001,-72.510002,4.04,-7.646,2.296,-3.057,0.04536722263268584,-0.04623096495536785,0.015100178322093297,0.00474547866647043
38.599998,-70.389999,2.47,-7.981,2.449,-3.121,0.04727793346677362,-0.044879292335109545,0.009232039716725357,0.003876893616129811
42.110001,-70.5,2.55,-8.004,2.669,-3.147,0.05157704478543679,-0.044949426830155556,0.009531053148846015,0.005386223701375749
39.740002,-72.279999,3.03,-7.858,2.301,-3.094,0.04867422973766606,-0.04608431952247116,0.011325133741569971,0.00463834798558829
40.779999,-74.690002,3.97,-7.671,2.599,-3.03,0.04994803573557425,-0.0476208904942294,0.01483854156898772,0.005721895603444191
39.93,-75.870003,4.73,-7.569,2.263,-3.033,0.04890694251663616,-0.048373236148257906,0.017679169174133983,0.0060709585141707455
40.470001,-72.900002,2.75,-7.883,2.52,-3.076,0.0495683449174858,-0.04647962135910913,0.010278586729147665,0.004455770095841446
35.349998,-71.68,3.16,-7.926,1.845,-3.099,0.043297278240651216,-0.04570177184660355,0.011811030568766045,0.0031355123209379026
43.27,-72.910004,4.91,-7.649,3.254,-3.064,0.05299783127209734,-0.04648599843949432,0.018351949396405467,0.008287927409669497
39.330002,-71.699997,2.84,-7.768,2.625,-3.09,0.04817205477067832,-0.04571452154431025,0.010614976840283405,0.004357503355550491
36.57,-69.190002,0.54,-8.172,2.135,-3.191,0.04479155742132192,-0.04411419762095485,0.0020183406668144504,0.0008985668223938391
38.959999,-69.709999,2.04,-8.092,2.516,-3.158,0.047718868808945714,-0.044445737579868326,0.007624842519076813,0.0036326579160514
36.990002,-70.139999,2.7,-8.027,2.227,-3.05,0.045305983007870185,-0.04471989720450616,0.010091703334072253,0.0035592630458120937
37.580002,-69.989998,2.38,-7.994,2.27,-3.069,0.046028625033535484,-0.0446242594885636,0.008895649605589615,0.0034333383835205
41.18,-69.18,1.12,-8.078,2.698,-3.129,0.050437963757452464,-0.04410782054056967,0.0041861880496892314,0.0035054437555240084
39.810001,-69.529999,0.55,-8.163,2.354,-3.083,0.04875996570233478,-0.04433097308583389,0.0020557173458295333,0.002161569987443475
38.290001,-69.150002,-0.22,-8.306,2.357,-3.084,0.04689824387350215,-0.044088694400058304,-0.0008222869383318132,0.000662420845037345
35.689999,-68.129997,-2.14,-8.565,2.231,-3.136,0.04371371724297025,-0.04343835907929387,-0.007998609309227637,-0.0025744170485170873
37.720001,-68.910004,-1.56,-8.391,2.345,-3.15,0.04620009818768992,-0.043935676349840094,-0.0058307619263528575,-0.0011887800295010103
38.889999,-69.07,-0.85,-8.192,2.402,-3.161,0.04763313161946,-0.04403768668310417,-0.0031770177162820054,0.00013947574002460801
38.279999,-68.669998,-1.09,-8.195,2.495,-3.086,0.04688599325394163,-0.043782653198977714,-0.004074058012643983,-0.00032357265256002164
37.68,-68.910004,-1.05,-8.193,2.355,-3.043,0.0461511042831668,-0.043935676349840094,-0.0039245512965836536,-0.0005697077877523157
37.849998,-68.330002,-1.87,-8.306,2.286,-3.1,0.04635932072228383,-0.04356587837167919,-0.006989438975820412,-0.0013986655417385899
37.360001,-67.669998,-2.42,-8.425,2.23,-3.127,0.04575916407033482,-0.04314507267656416,-0.009045156321649945,-0.0021436883092930945
35.66,-68.239998,-2.16,-8.468,1.998,-3.086,0.043676973958007646,-0.04350849357433988,-0.008073362667257802,-0.0026349607611966795
35.540001,-69.360001,-1.7,-8.311,2.163,-3.043,0.04352999714370627,-0.04422258567218463,-0.006354035432564011,-0.00234887465368079
34.009998,-69.43,-2.99,-8.386,2.132,-3.038,0.04165602347049614,-0.04426721567117306,-0.011175627025509643,-0.004595606408728854
33.869999,-69.919998,-2.45,-8.384,2.08,-3.045,0.041484550316341705,-0.04457962885199466,-0.009157286358695192,-0.004084121631449382
37.169998,-67.57,-4.56,-8.806,1.958,-3.124,0.045526445167279765,-0.043081315899483844,-0.01704376563087758,-0.00486621212102722
38.029999,-70.139999,-3.55,-8.584,1.868,-3.032,0.046579789005778374,-0.04471989720450616,-0.013268721050354258,-0.0038029430830273468
37.060001,-71.940002,-2.48,-8.422,2.154,-2.961,0.04539171897253891,-0.04586754405759212,-0.00926941639574044,-0.003248413826931218
35.459999,-70.25,-2.21,-8.43,1.99,-3.026,0.04343200933466005,-0.04479003169955217,-0.008260246062333214,-0.0032060894757417768
35.150002,-68.379997,-3.11,-8.587,1.82,-3.073,0.04305231974138858,-0.043597754209897255,-0.011624147173690631,-0.004056527214066435
34.669998,-68.0,-3.52,-8.717,1.828,-3.024,0.04246440268564715,-0.043355475524121674,-0.01315659101330901,-0.004682554617261179
34.950001,-67.419998,-4.63,-8.899,1.847,-3.049,0.04280735511804098,-0.04298567754596077,-0.01730540238398316,-0.005827908270634317
35.099998,-66.639999,-5.46,-8.941,1.937,-3.084,0.04299107399248796,-0.04248836537605872,-0.020407666742235,-0.006634986041935254
35.41,-66.690002,-3.69,-8.737,1.995,-3.049,0.04337076970984438,-0.04252024631492097,-0.013791994556565412,-0.004313823720547333
34.43,-63.869999,-5.4,-9.12,1.898,-3.104,0.0421704490570444,-0.040722267328973175,-0.020183406668144506,-0.006245074980024426
33.73,-63.75,-5.3,-9.154,1.846,-3.074,0.04131307716218727,-0.04064575830386407,-0.01980963987799368,-0.0063807736732234945
32.790001,-62.400002,-6.05,-9.162,1.897,-3.078,0.040161750413910395,-0.03978502587376682,-0.02261289080412486,-0.007412055421327095
30.09,-60.880001,-8.26,-9.444,1.447,-3.149,0.036854743308930175,-0.03881590284211769,-0.030873136866458074,-0.01094476546654853
31.57,-62.970001,-6.83,-9.268,1.682,-3.1,0.038667472458056684,-0.04014844613396202,-0.02552827176730129,-0.009003081814402208
32.02,-62.27,-6.99,-9.359,1.674,-3.098,0.03921864010475056,-0.03970213913069201,-0.02612629863154261,-0.008869932552494686
31.08,-61.110001,-6.87,-9.333,1.91,-3.111,0.03806731213165669,-0.03896254636227281,-0.02567777848336162,-0.008857670904659247
31.09,-62.43,-6.87,-9.372,1.961,-3.09,0.03807956030158322,-0.03980415201427818,-0.02567777848336162,-0.009134123398685525
32.130001,-62.84,-6.9,-9.477,1.77,-3.099,0.03935337119875938,-0.040065560028467735,-0.025789908520406867,-0.008834032450038406
34.130001,-62.369999,-4.89,-9.236,2.076,-3.086,0.04180300518406548,-0.03976589654535284,-0.018277196038375302,-0.00541336246655422
32.43,-61.779999,-6.34,-9.48,1.723,-3.111,0.03972081507173831,-0.03938972403712884,-0.02369681449556225,-0.0077885744869842614
38.029999,-60.860001,-6.51,-9.492,2.514,-3.107,0.046579789005778374,-0.03880315123166942,-0.024332218038818652,-0.005518526754903233
33.0,-59.75,-8.45,-9.841,2.064,-3.047,0.04041896075755055,-0.038095436214209855,-0.03158329376774464,-0.009753256408134648
35.66,-56.049999,-10.1,-10.369,1.988,-3.059,0.043676973958007646,-0.03573638764369918,-0.03775044580523324,-0.009936619830308259
31.0,-52.689999,-11.65,-10.758,2.037,-3.095,0.03796932677224445,-0.033594117088389636,-0.043543831052571015,-0.013056207122905401
34.5,-50.34,-11.78,-11.101,2.106,-3.119,0.04225618624653012,-0.03209580349829831,-0.04402972787976708,-0.01128978171051176
28.459999,-47.459999,-13.34,-11.566,2.017,-3.059,0.03485829038608872,-0.030259570956166753,-0.04986048980611994,-0.015087256792065995
34.57,-43.259998,-14.58,-12.158,2.208,-3.15,0.042341923436015824,-0.027581732124449303,-0.054495198003990164,-0.01324500223080788
31.860001,-41.290001,-14.37,-12.423,2.627,-3.192,0.03902267061074306,-0.026325700408036164,-0.05371028774467343,-0.013671105847322179
30.540001,-42.119999,-13.38,-12.341,2.485,-3.204,0.037405912180441044,-0.026854890966478372,-0.05000999652218028,-0.01315299176940587
37.060001,-47.25,-9.95,-11.864,2.283,-3.05,0.04539171897253891,-0.030125679684040427,-0.037189795620007,-0.007307918777169507
36.439999,-48.220001,-7.37,-11.552,2.831,-2.998,0.04463232998746003,-0.0307441334283621,-0.02754661243411574,-0.004552805291672604
27.43,-42.900002,-10.8,-12.239,2.386,-3.226,0.033596730108473076,-0.027352205686702512,-0.04036681333628901,-0.011374096304839482
27.889999,-39.919998,-13.37,-12.788,1.647,-3.248,0.03416014470027648,-0.02545221317958803,-0.049972619843165186,-0.013754896107492245
27.889999,-37.27,-14.4,-12.693,2.176,-3.096,0.03416014470027648,-0.02376262607035316,-0.05382241778171868,-0.014474966383931786
31.860001,-38.98,-14.02,-12.739,2.342,-3.131,0.03902267061074306,-0.024852888763680334,-0.05240210397914555,-0.012744107377360939
38.75,-42.310001,-13.91,-12.751,1.784,-3.256,0.04746165846530556,-0.026976032540897994,-0.051990960509979645,-0.010501778195190692
33.220001,-46.130001,-10.53,-11.768,2.385,-3.085,0.04068842172075121,-0.02941159013651777,-0.03935764300288178,-0.00936027047288278
29.889999,-48.41,-10.17,-11.719,2.515,-2.957,0.03660977868558257,-0.030865273090040148,-0.038012082558338815,-0.010755858987598796
37.09,-44.009998,-13.69,-12.524,1.989,-3.102,0.04542846225750151,-0.02805991751625947,-0.051168673571647824,-0.011266709610135262
33.139999,-39.43,-15.41,-12.744,2.12,-3.257,0.040590433911704984,-0.025139799998766435,-0.057597462362242,-0.014048942816434484
29.200001,-39.099998,-16.870001,-13.089,2.321,-3.265,0.035764657410285956,-0.024929397151208916,-0.06305446123611193,-0.017406400325678296
35.540001,-47.73,-11.2,-12.333,2.204,-2.994,0.04352999714370627,-0.03043171833479893,-0.0418618804968923,-0.009587867229328322
31.83,-49.799999,-11.23,-11.954,2.097,-2.947,0.03898592487614648,-0.03175150937861447,-0.04197401053393755,-0.011579865012135182
28.450001,-45.380001,-13.07,-12.012,2.258,-3.101,0.034846044665796175,-0.028933404744707604,-0.04885131947271272,-0.014312893183874716
33.599998,-42.75,-14.44,-12.572,2.214,-3.278,0.04115384850350839,-0.027256567333179434,-0.05397192449777901,-0.013358214442483354
34.049999,-42.990002,-14.84,-12.851,2.25,-3.165,0.04170501737501925,-0.02740958793371973,-0.05546699165838231,-0.01372385407236093
29.309999,-45.630001,-13.58,-12.345,2.59,-2.956,0.03589938482984381,-0.029092799875310993,-0.05075753010248192,-0.014650315049316368
33.040001,-48.950001,-11.72,-11.825,2.097,-3.027,0.04046795466207365,-0.031209567209723992,-0.043805467805676596,-0.011515693451108977
36.009998,-48.82,-10.62,-11.781,1.949,-3.164,0.044105657455802236,-0.031126681104229708,-0.03969403311401752,-0.008905018920814998
31.51,-45.959999,-12.26,-12.231,2.116,-3.103,0.03859398343849751,-0.029303200172546423,-0.04582380847249104,-0.012177675068846651
32.73,-44.810001,-13.11,-12.725,1.962,-3.046,0.040088260169534214,-0.02856998384693188,-0.04900082618877304,-0.01249418328872357
38.560001,-47.360001,-10.89,-12.315,2.075,-3.037,0.04722894446151848,-0.030195814179086438,-0.04070320344742475,-0.007890024388330903
33.939999,-48.419998,-11.81,-11.819,2.346,-3.093,0.04157028750582741,-0.03087164762010324,-0.044141857916812334,-0.011147739343696055
31.860001,-48.139999,-12.13,-11.861,2.458,-3.114,0.03902267061074306,-0.03069312571140797,-0.04533791164529497,-0.012336122248653292
32.380001,-47.389999,-10.37,-12.112,1.925,-3.091,0.03965957544692265,-0.030214940319597806,-0.038759616138640464,-0.009771660337105208
30.459999,-43.68,-9.93,-12.188,2.025,-3.132,0.03730792437139481,-0.02784951721902404,-0.03711504226197684,-0.00921887836986869
30.02,-44.240002,-11.18,-12.225,2.141,-3.148,0.03676900611944446,-0.028206563586736674,-0.04178712713886214,-0.011074894868718118
33.0,-45.740002,-11.72,-12.157,2.258,-3.145,0.04041896075755055,-0.029162934370357003,-0.043805467805676596,-0.010849813806161018
33.709999,-44.450001,-12.98,-12.21,2.673,-3.137,0.041288579597517215,-0.028340454858863,-0.048514929361576975,-0.011855601540974254
30.639999,-46.439999,-10.72,-11.978,2.603,-3.08,0.03752839143007236,-0.029609238823304927,-0.04006779990416835,-0.010716215765800306
34.360001,-45.91,-9.72,-11.991,2.622,-3.078,0.04208471309237568,-0.029271321784006262,-0.03633013200266011,-0.007838913564763563
39.639999,-37.830002,-16.959999,-13.18,3.339,-3.267,0.04855174436394979,-0.024119672438065794,-0.06339084387191188,-0.012986257315342628
30.18,-42.709999,-14.86,-12.581,2.068,-3.161,0.03696497683826895,-0.02723106347470237,-0.05554174501641247,-0.015269277217615299
27.75,-45.580002,-12.08,-12.09,2.277,-3.047,0.03398867154612205,-0.029060921486770835,-0.045151028250219556,-0.013407759396956114
20.469999,-42.23,-11.51,-12.468,0.674,-3.203,0.025072002614790877,-0.026925025461524383,-0.04302055754635986,-0.014957860131031122
40.580002,-35.23,-16.77,-13.676,2.098,-3.511,0.049703076011494624,-0.022461961804629504,-0.06268069070829321,-0.011813192167142697
31.620001,-51.07,-8.76,-11.789,2.296,-2.992,0.03872871453250633,-0.032561237279660205,-0.032741970817212196,-0.008858164521455358
10.94,-44.5,-11.95,-12.767,2.293,-2.38,0.013399497899624331,-0.028372333247403153,-0.04466513142302349,-0.019879322256934104
52.68,-32.52,-1.67,-13.669,6.808,-3.004,0.06452335917296251,-0.020734118588888777,-0.006241905395518763,0.012515778396184988
23.58,-31.879999,-2.14,-12.884,-0.381,-4.125,0.02888118468675884,-0.020326066416963582,-0.007998609309227637,0.00018550298685587421
12.1,-44.470001,-1.15,-12.812,-0.611,-3.266,0.014820285611101866,-0.028353206469311273,-0.004298318086734478,-0.005943746314981295
-8.47,-42.189999,2.2,-13.985,-1.651,-2.527,-0.010374199927771307,-0.026899521603047323,0.008222869383318133,-0.009683617382500164
21.110001,-40.16,2.13,-13.421,1.566,-3.258,0.02585588793972281,-0.025605233780128328,0.007961232630212554,0.002737295596602346
44.66,-23.25,-12.04,-15.695,1.491,-4.136,0.054700326891885066,-0.01482374714611513,-0.045001521534159226,-0.0017083139294630973
4.94,-47.84,15.63,-13.059,-4.168,-2.844,0.006050595943706051,-0.030501852192264426,0.05841974930057382,0.011322831017338483
17.940001,-49.700001,-1.03,-14.178,-0.845,-2.871,0.02197321807301265,-0.031687752601534155,-0.003849797938553489,-0.004521444155691665
29.01,-47.639999,3.66,-13.267,0.771,-3.485,0.03553194095686489,-0.03037433545020119,0.013679864519520165,0.006279156675394621
48.0,-60.23,45.52,-9.732,2.358,-3.138,0.05879121564734625,-0.03840147486496836,0.17013864287665517,0.0635094612196777
88.089996,-42.439999,32.360001,-13.473,8.343,-2.898,0.10789412398353893,-0.02705891673365071,0.12095093703047459,0.06726204809345426
48.880001,-51.610001,19.08,-12.59,4.572,-2.972,0.05986905582569792,-0.032905531399344046,0.07131470356077725,0.032759409329043705
-9.58,0.35,-2.95,-19.693001,-4.401,-5.092,-0.011733746789616188,0.0002231531828447439,-0.011026120309449314,-0.007512237972073586
29.4,-46.939999,17.389999,-10.431,0.668,-2.819,0.03600961958399957,-0.0299280290845117,0.06499804106956042,0.023693210523016095
14.0,-28.85,-1.72,-14.079,-2.726,-2.804,0.017147437897142653,-0.018394198071631035,-0.006428788790594176,-0.002558516321694186
16.17,-42.34,10.09,-12.46,0.586,-3.356,0.019805290771199767,-0.02699515931898988,0.037713069126218156,0.010174400192809347
4.95,-38.110001,1.57,-13.174,0.536,-3.903,0.006062844113632582,-0.024298194346761063,0.00586813860536794,-0.0041224038759201794
28.940001,-27.59,-7.6,-14.287,3.575,-2.859,0.03544620499219617,-0.017590846613389954,-0.028406276051462634,-0.00351697255755214
54.330002,-29.68,4.94,-13.054,7.124,-2.648,0.06654430966047402,-0.018923389905234282,0.018464079433450714,0.02202833306289682
-7.86,-39.169998,19.879999,-12.241,-2.191,-3.798,-0.009627061562252948,-0.024974027787777867,0.07430483414431595,0.013234581598095046
-16.139999,-36.970001,4.16,-14.601,-2.842,-3.95,-0.01976854503660318,-0.023571352551209616,0.015548698470274286,-0.009263733039179505
82.82,-18.719999,43.43,-17.915001,12.869,-3.126,0.10143934333152532,-0.011935506742001209,0.16232691696250293,0.08394358451734235
42.349998,-49.82,14.07,-11.113,3.227,-2.596,0.05187099718922254,-0.03176426162664326,0.052588987374220963,0.02423190764560008
17.48,-38.0,4.99,-13.853,-2.326,-4.165,0.02140980103157526,-0.024228059851715052,0.018650962828526126,0.005277568002795444
67.629997,-50.459999,14.63,-14.344,8.18,-3.171,0.08283436953867458,-0.032172312523407416,0.05468208139906558,0.03511471280477758
7.29,-64.199997,6.3,-12.591,-1.643,-2.239,0.00892891587644071,-0.0409326676262086,0.02354730777950192,-0.002818814656755321
31.309999,-44.150002,0.32,-13.264,-0.106,-3.708,0.038349018815149905,-0.028149181339719456,0.0011960537284826374,0.003798630401304362
55.68,-34.919998,-5.2,-14.26,2.124,-4.461,0.06819781015092165,-0.022264310567520262,-0.019435873087842857,0.008832542165186176
20.389999,-64.580002,7.39,-12.199,-1.073,-2.38,0.02497401725537863,-0.041174951412628356,0.027621365792145906,0.003806810544965393
55.82,-66.209999,17.27,-12.462,6.475,-2.382,0.06836928452989308,-0.04221420575142089,0.06454952465904733,0.030234867812506505
79.260002,-18.02,7.85,-17.371,8.356,-4.723,0.09707899728731448,-0.011489201013892242,0.029340693026839695,0.038310163100087315
73.099998,-40.73,18.620001,-11.236,5.76,-3.636,0.08953411971330373,-0.025968654677904053,0.06959538006375135,0.044386948366383676
33.459999,-58.040001,20.469999,-9.506,0.458,-2.148,0.04098237534935396,-0.037005174158463196,0.07651005820620581,0.026829086465698856
11.36,-51.32,18.27,-11.271,-1.113,-3.145,0.01391392103653861,-0.03272063241026359,0.06828719256055557,0.01649349372894353
20.200001,-29.690001,1.84,-13.127,0.945,-4.599,0.024741304476408536,-0.01892976634803894,0.006877308938775165,0.004229615689048254
65.25,-33.48,13.4,-11.49,7.885,-2.93,0.0799193087706113,-0.021346195890405786,0.05008474988021044,0.036219287586805315
30.879999,-47.279999,9.61,-9.768,0.993,-2.188,0.037822347508309095,-0.030144806462132308,0.0359189885334942,0.014532176526556995
1.36,-37.950001,11.58,-12.514,-2.486,-4.085,0.0016657511100081437,-0.0241961814631749,0.04328219429946544,0.006917254648766229
27.389999,-41.59,-0.31,-13.611,4.97,-4.093,0.033547736203949956,-0.026516973927179714,-0.001158677049467555,0.0019573617424342286
12.15,-72.760002,23.51,-8.719,3.012,-1.773,0.014881526460734519,-0.046390360085971236,0.08787257236445876,0.018787912913074016
5.82,-52.73,24.139999,-10.141,-1.863,-2.475,0.0071284348972407326,-0.0336196209468667,0.09022729940474106,0.021245371118371697
30.84,-54.5,23.77,-9.858,1.663,-3.843,0.037773356053419964,-0.034748138471538695,0.0888443660188509,0.030623194533577387
26.32,-48.950001,0.93,-13.07,4.674,-3.676,0.03223718324662819,-0.031209567209723992,0.003476031148402665,0.0015012157284356217
-4.16,-70.07,12.72,-9.884,-0.085,-2.102,-0.005095238689436675,-0.044675267205517726,0.04754313570718484,-0.000742456729256521
54.080002,-48.16,5.25,-11.767,3.013,-2.794,0.06623810541231076,-0.03070587795943676,0.01962275648291827,0.01838499464526409
17.33,-18.540001,0.1,-15.893,-3.696,-4.752,0.0212260784826773,-0.011820743523127814,0.0003737667901508242,0.0032597005832334367
37.849998,-51.77,9.43,-11.252,3.446,-3.677,0.04635932072228383,-0.03300754364534969,0.035246208311222715,0.016199328462718952
6.87,-38.34,1.47,-13.878,-2.715,-2.919,0.008414492739526432,-0.024444837229335662,0.005494371815217115,-0.003511990891530705
34.419998,-57.279999,14.13,-10.19,1.632,-2.518,0.04215819843748388,-0.03652061168626785,0.05281324744831146,0.019483611399842497
51.07,-53.25,6.68,-10.732,2.39,-3.403,0.0625514038147911,-0.03395116281852175,0.024967621582075054,0.017855954192781468
35.580002,-50.310001,6.17,-11.131,0.011,-3.71,0.04357899104822939,-0.03207667672020643,0.02306141095230585,0.011521241760109604
32.959999,-57.759998,12.23,-10.36,3.118,-2.743,0.040369966853027434,-0.03682664969944584,0.045711678435445796,0.01641833186300913
22.98,-55.380001,4.04,-11.153,1.647,-2.511,0.028146294491167016,-0.035309209968843146,0.015100178322093297,0.002645754281472389
30.82,-48.98,3.16,-10.787,0.537,-3.59,0.0377488597135669,-0.031228693987815873,0.011811030568766045,0.006110398764839025
41.889999,-48.09,8.08,-10.963,2.804,-3.716,0.05130758259741914,-0.030661247322867815,0.030200356644186594,0.016948897306245974
33.580002,-63.27,13.92,-10.434,2.579,-2.755,0.0411293570629233,-0.040339719653105566,0.052028337188994724,0.017605991532937484
25.719999,-65.400002,10.03,-10.155,1.847,-2.573,0.03150229182621937,-0.04169776744100748,0.03748880905212766,0.00909777781244652
27.93,-62.16,9.03,-9.679,1.741,-3.12,0.0342091386047996,-0.039632005273226516,0.03375114115061942,0.009442758160730834
31.110001,-54.34,5.77,-10.937,1.456,-3.567,0.03810405786625328,-0.03464612558795253,0.021566343791702552,0.00834142535666777
35.779999,-59.380001,9.77,-10.852,1.516,-3.158,0.043823950772309016,-0.03785953205849736,0.03651701539773552,0.014160478037182391
29.780001,-69.349998,13.68,-9.064,2.621,-2.705,0.036475051266024724,-0.044216207954218927,0.051131296892632745,0.014463380068146181
31.48,-69.07,10.47,-8.978,2.186,-2.815,0.038557238928717916,-0.04403768668310417,0.039133382928791295,0.011217645058135014
44.619999,-68.82,18.690001,-8.778,2.016,-3.106,0.05465133298736195,-0.04387829155250078,0.06985701681685694,0.026876686083906035
45.459999,-63.029999,14.29,-9.562,1.492,-3.314,0.05568017926119052,-0.04018669969014579,0.05341127431255277,0.0229682512945325
29.09,-67.860001,10.76,-9.193,1.485,-3.04,0.03562992631627713,-0.043266214888564296,0.04021730662022868,0.010860339349313838
34.080002,-75.779999,17.610001,-7.859,2.457,-2.703,0.04174176555924982,-0.04831585135091861,0.06582033548322803,0.019748749897186415
40.139999,-72.410004,20.01,-7.805,2.192,-2.832,0.04916415286027631,-0.04616720817828754,0.07479073470917992,0.025929226463722897
31.360001,-64.169998,15.03,-8.734,1.185,-3.331,0.03841026211441654,-0.04091354084811672,0.05617714855966887,0.017891289941989564
30.440001,-67.809998,15.18,-8.88,1.617,-3.244,0.03728343048117574,-0.043234333949702046,0.05673779874489511,0.016928965092122935
31.620001,-70.980003,16.950001,-8.597,1.172,-2.993,0.03872871453250633,-0.04525546739365563,0.0633534746682326,0.0189422406023611
33.380001,-72.790001,16.66,-8.29,1.722,-2.904,0.040884392439575694,-0.04640948686406312,0.06226954723912731,0.018914817604879963
30.41,-74.370003,17.25,-8.096,1.655,-3.041,0.037246684746579155,-0.04741686536463758,0.06447477130101717,0.018101530227652915
34.16,-68.879997,14.47,-8.698,1.853,-3.191,0.041839748469028076,-0.04391654447110403,0.05408405453482426,0.017335752844249434
30.889999,-69.5,16.33,-8.581,1.838,-3.054,0.03783459567823562,-0.04431184630774201,0.06103611683162958,0.018186288734041062
27.32,-71.139999,15.01,-8.693,1.72,-3.0,0.03346200023928124,-0.04535747772691971,0.056102395201638705,0.014735639238000078
32.950001,-73.739998,15.3,-8.512,1.318,-3.015,0.040357721132734885,-0.047015186447614425,0.0571863188930761,0.016842951192732186
39.34,-76.120003,19.790001,-7.92,1.74,-3.015,0.04818430049097087,-0.048532631278861295,0.073968451508516,0.024540040240208522
36.380001,-73.480003,16.07,-8.521,2.079,-2.99,0.044558843417534834,-0.04684941869968951,0.06006432317723744,0.01925791596502759
31.559999,-72.82,14.39,-8.537,1.601,-2.933,0.03865522306331316,-0.046428613642154996,0.0537850411027036,0.015337216841287256
36.419998,-73.139999,15.42,-8.297,1.647,-3.039,0.04460783242278998,-0.04663263877174682,0.05763483904125709,0.01853667756410008
36.84,-75.029999,17.23,-8.094,1.878,-3.055,0.045122258009338244,-0.04783766595910844,0.06440001794298701,0.020561536664405605
36.630001,-76.559998,16.559999,-8.018,2.019,-2.959,0.0448650476656981,-0.04881316352082064,0.06189577671130859,0.019315886952062013
36.389999,-75.970001,15.67,-7.804,1.928,-2.952,0.04457108913782738,-0.04843699292533822,0.058569256016634146,0.018234450743041104
34.740002,-74.139999,14.81,-7.878,1.94,-3.038,0.042550144774400826,-0.04727021929416037,0.05535486162133706,0.016878262367192507
33.59,-73.970001,15.02,-8.138,1.671,-3.062,0.041141602783215846,-0.04716183188051111,0.05613977188065379,0.01670651426111951
35.540001,-74.019997,15.53,-8.064,1.544,-3.072,0.04352999714370627,-0.047193708356309705,0.05804598251042299,0.018127423765939853
36.77,-72.160004,13.29,-8.1,1.951,-3.056,0.04503652081985254,-0.04600781304768415,0.04967360641104453,0.016234104727737637
34.880001,-74.75,15.27,-7.732,2.359,-2.978,0.042721617928555264,-0.04765914405041316,0.05707418885603085,0.01737888757805765
36.169998,-72.699997,14.84,-7.965,2.227,-3.062,0.04430162817462672,-0.046352102066723806,0.05546699165838231,0.017805505922095073
35.5,-71.57,14.12,-8.244,1.625,-3.11,0.043481003239183164,-0.04563163798913806,0.05277587076929637,0.016875078673113827
33.77,-74.099998,14.51,-8.202,1.698,-3.06,0.0413620698418934,-0.04724471543568331,0.054233561250884584,0.016116971885698224
34.810001,-76.669998,15.57,-7.894,1.745,-2.964,0.04263588073906955,-0.048883297378286145,0.05819548922648332,0.017316024195755574
36.880001,-77.150002,17.059999,-7.68,1.58,-2.947,0.04517125191386136,-0.049189338579366734,0.06376461066206271,0.019915507998852444
37.130001,-74.779999,16.290001,-8.072,1.86,-3.028,0.04547745616202462,-0.04767827082850505,0.06088661385323716,0.019561933062252245
34.330002,-74.050003,15.91,-8.242,1.817,-3.032,0.04204796980741308,-0.04721283959746524,0.059466296312996124,0.018100475507647987
34.75,-74.589996,15.45,-8.102,1.597,-2.982,0.042562390494693375,-0.04755712861650491,0.05774696907830233,0.017584076985496935
34.880001,-76.43,15.8,-7.827,1.579,-2.952,0.042721617928555264,-0.048730279328067935,0.05905515284383022,0.017682163814772518
34.119999,-75.300003,16.040001,-7.799,1.844,-3.012,0.04179075456450496,-0.04800981525048219,0.059952196877860096,0.01791104539729429
34.970001,-73.800003,17.09,-7.86,1.856,-3.047,0.04283185145789404,-0.047053444466861855,0.06387674443677585,0.01988505047593601
33.450001,-73.790001,16.799999,-8.023,1.621,-3.038,0.04097012962906141,-0.047047067386476675,0.06279281700767056,0.018905293083418432
31.4,-73.529999,14.23,-8.269,1.674,-3.054,0.038459253569305664,-0.04688129517548811,0.05318701423846228,0.01492165754409328
33.060001,-76.690002,15.5,-7.831,1.648,-3.013,0.04049245100192672,-0.048896051539056504,0.05793385247337775,0.016510083978749323
38.080002,-75.910004,15.05,-7.835,1.915,-3.025,0.04664103352986201,-0.048398740006734976,0.05625190191769904,0.01816473181360869
35.91,-75.940002,15.36,-7.942,2.022,-2.992,0.043983178206170905,-0.048417866147246344,0.05741057896716659,0.01765863034203038
33.639999,-75.5,14.85,-8.023,1.995,-2.99,0.04120284240803151,-0.04813732944222333,0.055504368337397386,0.016189960434401855
33.709999,-74.050003,13.92,-8.016,1.715,-3.026,0.041288579597517215,-0.04721283959746524,0.052028337188994724,0.015368025729682232
34.369999,-75.129997,14.75,-7.888,1.75,-3.018,0.04209695881266823,-0.04790142273618875,0.05513060154724656,0.01644204587457535
34.82,-75.440002,14.63,-7.927,1.954,-3.018,0.04264812768417909,-0.048099075886039566,0.05468208139906558,0.016410377732401702
35.290001,-74.480003,13.53,-8.004,2.052,-3.024,0.04322379289554301,-0.04748699922210307,0.050570646707406505,0.01543581346028215
35.68,-75.769997,13.72,-7.981,2.168,-2.989,0.04370147029786071,-0.04830947427053342,0.051280803608693075,0.015557599878673454
35.080002,-75.779999,13.43,-8.117,2.034,-3.013,0.04296658255190287,-0.04831585135091861,0.05019687991725568,0.01494920370607998
35.310001,-75.809998,14.12,-8.008,1.752,-3.032,0.04324828923539607,-0.048334978129010484,0.05277587076929637,0.015896393958560653
35.459999,-77.029999,14.81,-7.804,1.717,-3.001,0.04343200933466005,-0.049112827003935544,0.05535486162133706,0.01655801465068719
33.349998,-76.599998,14.85,-7.833,1.873,-2.993,0.04084764425534512,-0.04883866674171719,0.055504368337397386,0.015837781950341773
33.360001,-74.309998,14.68,-8.046,1.926,-3.042,0.040859896099722626,-0.04737860734539015,0.05486896479414099,0.016116751182824487
33.830002,-74.07,15.37,-8.061,1.519,-3.078,0.041435561311086555,-0.04722558929517194,0.05744795564618167,0.017219309220698763
33.450001,-74.709999,14.61,-8.132,1.51,-3.083,0.04097012962906141,-0.0476336401919361,0.05460732804103541,0.01598127249272024
34.349998,-77.779999,15.28,-7.972,1.708,-3.011,0.04207246124799817,-0.04959101239574571,0.05711156553504593,0.01653100479576613
35.93,-79.349998,15.93,-7.845,1.706,-2.972,0.04400767454602397,-0.05059201317835447,0.05954104967102629,0.017652237012898597
33.73,-77.169998,15.52,-7.948,1.631,-3.015,0.04131307716218727,-0.04920208763949292,0.058008605831407906,0.01670653178470075
32.900002,-75.269997,15.71,-8.059,1.73,-3.046,0.04029648150791922,-0.04799068400932664,0.05871876273269448,0.017008186743762355
33.389999,-74.459999,16.34,-8.011,1.64,-3.044,0.04089663815986824,-0.04747424506133271,0.061073493510644665,0.0181652955363934
32.009998,-73.43,15.36,-8.015,1.481,-3.046,0.03920638948519005,-0.046817537760827276,0.05741057896716659,0.016599810230509788
32.889999,-76.370003,16.67,-7.735,1.826,-2.981,0.04028422966354172,-0.048692026409464684,0.062306923918142396,0.017966375724073145
35.529999,-76.360001,16.75,-7.865,1.984,-3.0,0.04351774652414576,-0.048685649329079504,0.06260593735026304,0.019146011515109765
36.130001,-76.150002,15.74,-8.105,1.705,-3.009,0.044252639169371576,-0.048551758056953186,0.058830892769739726,0.01817725796071937
36.700001,-77.739998,15.44,-7.972,1.826,-2.969,0.044950784855183806,-0.04956550853726865,0.057709592399287246,0.017698289572400803
38.220001,-78.110001,14.83,-7.841,2.049,-2.982,0.046812506684016444,-0.049801415243303226,0.05542961497936722,0.017480235473360146
39.580002,-78.550003,14.82,-7.816,2.016,-2.985,0.04847825901884158,-0.05008195194832624,0.05539223830035214,0.017929515123622494
37.34,-78.120003,15.44,-7.837,1.929,-2.971,0.04573466650566477,-0.049807792323688406,0.057709592399287246,0.017878822193754536
35.919998,-77.580002,15.98,-7.858,1.969,-2.978,0.04399542392646345,-0.04946349820400456,0.059727933066101704,0.018086619596186865
36.98,-75.150002,14.03,-8.146,1.927,-3.045,0.045293732388309665,-0.04791417753453963,0.05243948065816063,0.016606345170643553
37.0,-75.5,14.7,-7.924,1.9,-3.014,0.045318228728162734,-0.04813732944222333,0.054943718152171146,0.017374872479370185
36.560001,-76.230003,14.95,-7.839,1.999,-3.001,0.044779310476212385,-0.04860276513632679,0.05587813512754821,0.01735156015581127
37.810001,-75.970001,15.02,-7.888,2.078,-3.017,0.04631033171702869,-0.04843699292533822,0.05613977188065379,0.018004370224114753
36.189999,-74.290001,14.54,-8.029,1.677,-3.047,0.04432612573929677,-0.04736585764768345,0.05434569128792983,0.017101986459847715
34.59,-74.25,14.63,-8.048,1.655,-3.038,0.04236641977586889,-0.04734035378920638,0.05468208139906558,0.016569382461909362
34.799999,-75.290001,14.85,-7.996,1.69,-3.033,0.04262363011950904,-0.04800343817009701,0.055504368337397386,0.016708186762269806
35.860001,-75.43,15.42,-7.916,1.643,-3.049,0.04392193858135525,-0.04809269880565439,0.05763483904125709,0.01782135960565265
34.950001,-76.25,15.51,-7.968,1.645,-3.02,0.04280735511804098,-0.048615514834033494,0.05797122915239283,0.017387689812133438
34.450001,-76.860001,15.99,-7.98,1.61,-2.989,0.042194946621714455,-0.04900443959028628,0.05976530974511678,0.017651938925514987
35.66,-76.650002,16.35,-7.93,1.561,-3.01,0.043676973958007646,-0.04887054831815996,0.06111087018965976,0.018639098609835814
36.560001,-75.800003,15.11,-8.039,1.523,-3.03,0.044779310476212385,-0.048328605511688966,0.05647616199178953,0.01764228898543765
36.66,-76.669998,15.83,-7.901,1.637,-2.979,0.04490179095066069,-0.048883297378286145,0.059167282880875464,0.018395258817750004
36.73,-77.07,16.200001,-7.855,1.679,-2.997,0.04498752814014641,-0.0491383308624126,0.060550223742101415,0.01879980700661174
35.75,-77.07,16.18,-7.843,1.674,-3.016,0.04378720748734642,-0.0491383308624126,0.060475466646403346,0.018374781090445724
34.52,-75.870003,15.91,-7.923,1.544,-3.024,0.04228068258638318,-0.048373236148257906,0.059466296312996124,0.01779124758370713
36.619999,-74.739998,15.85,-7.974,1.608,-3.039,0.04485279704613758,-0.04765276697002798,0.05924203623890563,0.018814022105005077
37.57,-76.040001,16.48,-7.756,1.836,-3.011,0.046016374413974964,-0.048481623561907175,0.061596767016855826,0.019710505956307873
36.650002,-76.449997,15.14,-7.814,2.081,-3.009,0.04488954523036815,-0.04874302902577463,0.05658829202883478,0.017578269411142766
35.869999,-75.5,14.07,-8.058,1.966,-3.03,0.0439341843016478,-0.04813732944222333,0.052588987374220963,0.01612861407788181
37.040001,-75.129997,14.81,-8.026,1.894,-3.03,0.04536722263268584,-0.04790142273618875,0.05535486162133706,0.017606887172611385
36.91,-75.32,14.57,-8.028,1.827,-3.033,0.04520799519882395,-0.048022564948188885,0.054457821324975085,0.01721441719187005
35.110001,-76.910004,15.26,-7.861,1.877,-2.977,0.04300332583686546,-0.04903632052914853,0.05703681217701577,0.0170012724949109
35.049999,-75.199997,14.87,-7.893,2.051,-2.995,0.042929834367672295,-0.047946053372757695,0.05557912169542755,0.01685430089678072
34.209999,-76.050003,14.99,-7.851,1.917,-3.004,0.04190098809384374,-0.048488000642292355,0.05602764184360854,0.016480209765053308
35.330002,-77.309998,14.61,-7.949,1.929,-3.002,0.043272786800066125,-0.04929134891263081,0.05460732804103541,0.016196255309490242
36.43,-76.769997,15.38,-7.884,1.781,-2.988,0.044620083042350496,-0.048947054792946976,0.05748533232519676,0.01771945352486676
37.119999,-76.43,14.77,-7.886,1.692,-2.993,0.0454652055424641,-0.048730279328067935,0.05520535490527673,0.017313427039890965
36.27,-77.510002,14.07,-7.9,1.784,-2.989,0.04442411232352601,-0.04941886756743562,0.052588987374220963,0.01586474404343712
36.720001,-78.669998,15.02,-7.831,1.77,-2.984,0.044975281195036874,-0.050158458423113256,0.05613977188065379,0.016985531550859138
36.689999,-78.910004,15.67,-7.939,1.646,-3.01,0.044938534235623294,-0.050311481573975636,0.058569256016634146,0.0177321028927606
35.490002,-78.720001,16.059999,-7.915,1.569,-2.994,0.043468757518890615,-0.05019033936197549,0.060026942760554466,0.01776845363915653
34.380001,-78.480003,15.44,-7.945,1.612,-2.997,0.04210920943222874,-0.05003732131175728,0.057709592399287246,0.016593826839919567
35.299999,-77.330002,16.129999,-7.797,1.835,-3.012,0.04323603861583556,-0.049304103073401176,0.06028857951366004,0.01807350501869814
33.939999,-77.529999,16.15,-7.787,1.616,-2.998,0.04157028750582741,-0.04943161726514232,0.060363336609358095,0.017500668950014394
34.650002,-78.889999,16.34,-7.822,1.697,-2.962,0.04243991124506206,-0.050298726775624754,0.061073493510644665,0.017738225993360657
34.919998,-77.059998,15.77,-7.93,1.568,-3.009,0.04277060693381041,-0.04913195378202742,0.05894302280678497,0.017527225319522652
33.68,-74.839996,15.37,-7.945,1.547,-3.05,0.041251836312554614,-0.047716523747108296,0.05744795564618167,0.01699442273720933
33.200001,-75.980003,15.58,-7.89,1.693,-3.026,0.04066392538089814,-0.0484433700057234,0.05823286590549841,0.016817807093557718
34.209999,-76.190002,15.73,-7.924,1.794,-3.031,0.04190098809384374,-0.04857726127784973,0.05879351609072464,0.01737241430223955
35.779999,-75.449997,16.52,-7.8,1.867,-3.032,0.043823950772309016,-0.048105448503361084,0.06174627373291615,0.019154925333954693
32.240002,-73.739998,15.99,-7.834,1.866,-3.05,0.03948810229276821,-0.047015186447614425,0.05976530974511678,0.017412741863423523
31.700001,-72.870003,14.79,-7.942,1.879,-3.054,0.03882669989191857,-0.046460494581017246,0.05528010826330689,0.01588210452473607
34.200001,-74.5,15.11,-7.817,1.888,-3.041,0.04188874237355119,-0.04749974891980977,0.05647616199178953,0.016955051815176984
34.099998,-76.220001,16.309999,-7.585,1.979,-2.989,0.04176625699983491,-0.04859638805594161,0.060961359735931524,0.01804374289327494
34.5,-76.529999,14.77,-7.814,2.019,-2.979,0.04225618624653012,-0.048794036742728766,0.05520535490527673,0.01622250146969269
34.889999,-75.910004,16.1,-7.742,1.814,-3.004,0.04273386364884781,-0.048398740006734976,0.060176453214282694,0.01817052561879851
36.27,-75.400002,15.34,-7.842,1.831,-3.036,0.04442411232352601,-0.04807357266514302,0.05733582560913643,0.017895455089173142
35.599998,-76.660004,14.95,-7.771,1.998,-3.016,0.04360348248881448,-0.04887692539854514,0.05587813512754821,0.016868230739272516
35.73,-75.919998,15.34,-7.735,2.086,-3.029,0.04376271114749336,-0.04840511198647598,0.05733582560913643,0.017564474923384605
36.32,-75.150002,15.86,-7.726,2.03,-3.046,0.04448535317315866,-0.04791417753453963,0.05927941291792071,0.01861686285217991
34.490002,-75.269997,16.200001,-7.688,1.83,-3.012,0.04224394052623757,-0.04799068400932664,0.060550223742101415,0.018267826753004115
33.029999,-75.639999,15.32,-7.915,1.68,-3.016,0.04045570404251314,-0.048226590077780705,0.057261072251106264,0.0164967287386129
35.049999,-76.550003,15.16,-7.871,1.545,-3.03,0.042929834367672295,-0.04880679090349913,0.056663045386864945,0.016928696283679368
33.889999,-78.779999,15.9,-7.665,1.595,-2.999,0.041509046656194766,-0.050228592918159266,0.059428919633981045,0.01690312445733885
34.080002,-78.410004,15.1,-7.791,1.739,-3.014,0.04174176555924982,-0.04999269131276886,0.05643878531277445,0.016062619853085137
34.380001,-78.639999,15.98,-7.744,1.688,-3.014,0.04210920943222874,-0.050139331645021365,0.059727933066101704,0.017232603617769692
33.580002,-78.099998,15.53,-7.841,1.504,-3.033,0.0411293570629233,-0.049795037525337524,0.05804598251042299,0.01646010068266959
32.830002,-79.019997,15.21,-7.788,1.627,-3.01,0.04021074431843351,-0.050381610968377476,0.05684992878194036,0.015559687377332132
34.209999,-80.080002,15.22,-7.791,1.449,-2.994,0.04190098809384374,-0.05105744951003845,0.05688730546095544,0.015910281348253577
36.619999,-82.889999,18.629999,-7.236,1.894,-2.904,0.04485279704613758,-0.05284904886527897,0.06963274926743064,0.02054549914942975
39.349998,-83.370003,16.85,-7.275,1.708,-2.922,0.0481965462112634,-0.053155090066359566,0.06297970414041387,0.01934038676177257
34.790001,-81.010002,11.63,-7.285,1.686,-2.985,0.04261138439921649,-0.051650399395883055,0.04346907769454085,0.011476687565958094
33.290001,-80.080002,13.17,-6.968,1.937,-3.162,0.04077415891023692,-0.05105744951003845,0.049225086262863545,0.012980598554354005
33.139999,-81.629997,15.62,-7.04,1.855,-2.995,0.040590433911704984,-0.05204569613187685,0.05838237262155873,0.01564237013379562
36.139999,-84.629997,15.45,-6.992,1.837,-2.783,0.044264884889664124,-0.05395843769911751,0.05774696907830233,0.016017805422949647
38.889999,-82.379997,13.99,-6.853,2.002,-3.1,0.04763313161946,-0.05252388152368701,0.052289973942100304,0.015799741345957765
35.98,-79.199997,11.52,-7.253,1.812,-3.181,0.04406891539565662,-0.05049637546241191,0.04305793422537494,0.012210158052873217
34.91,-81.370003,14.69,-7.164,1.707,-2.846,0.04275836121351786,-0.051879929021532455,0.05490634147315607,0.015261591221713824
37.599998,-82.790001,16.6,-6.915,1.908,-2.952,0.046053116474120574,-0.05278529208819866,0.062045287165036815,0.018437703850319575
35.549999,-81.559998,13.37,-6.977,1.932,-3.143,0.04354224286399882,-0.052001066132888414,0.049972619843165186,0.013837932191425198
33.900002,-81.589996,13.47,-7.006,2.081,-2.99,0.04152129850057227,-0.05202019227339978,0.05034638663331602,0.013282497620162835
36.110001,-81.68,16.110001,-6.999,2.026,-2.916,0.04422814282951851,-0.052077577070739095,0.06021383363096568,0.017454799796581696
37.060001,-79.550003,14.01,-7.189,1.708,-3.036,0.04539171897253891,-0.05071953247073979,0.05236472730013046,0.015678971267309858
36.139999,-80.269997,13.78,-7.02,1.673,-3.111,0.044264884889664124,-0.05117858662139441,0.05150506368278357,0.01486378731701776
37.330002,-81.730003,15.53,-6.885,1.892,-2.975,0.04572242078537222,-0.05210945800960134,0.05804598251042299,0.01721964842873129
35.09,-83.110001,15.87,-6.938,1.772,-2.831,0.042978828272195416,-0.052989317855371,0.059316789596935794,0.01643543333792007
34.900002,-83.370003,16.08,-6.858,1.808,-3.015,0.042746115493225316,-0.053155090066359566,0.06010169985625252,0.016564241761039423
35.200001,-81.620003,14.17,-7.115,1.698,-3.131,0.043113559366204236,-0.052039324152135844,0.05296275416437178,0.014678996459480058
35.040001,-83.470001,15.8,-6.891,1.614,-2.865,0.04291758864737975,-0.053218846843439874,0.05905515284383022,0.016251298215923363
37.049999,-82.970001,15.93,-6.881,1.856,-2.887,0.04537946835297839,-0.052900056582233096,0.05954104967102629,0.01734015381392386
36.23,-80.230003,13.86,-7.07,1.669,-3.121,0.044375119643819884,-0.051153087225981005,0.05180407711490423,0.015008703177581037
34.810001,-80.690002,14.26,-7.082,1.424,-3.053,0.04263588073906955,-0.051446373628710726,0.053299144275507526,0.01482955046195545
35.009998,-82.459999,16.57,-6.951,1.796,-2.904,0.04288084046314919,-0.05257488924064114,0.061933157127991564,0.017413036116833206
33.779999,-82.599998,15.55,-6.939,1.872,-2.945,0.04137431678700292,-0.05266414987619852,0.05812073586845316,0.01561030092641919
34.209999,-81.589996,14.05,-7.028,1.682,-3.071,0.04190098809384374,-0.05202019227339978,0.0525142340161908,0.014131676612211585
36.639999,-81.919998,16.01,-6.862,1.766,-3.033,0.04487729338599065,-0.052230595120957304,0.059840063103146955,0.017495587122726766
35.990002,-81.279999,15.1,-7.058,1.94,-2.947,0.04408116601521714,-0.05182254422419315,0.05643878531277445,0.01623246903459948
35.150002,-79.989998,13.55,-7.106,1.884,-3.052,0.04305231974138858,-0.05100006471269914,0.05064540006543668,0.014232551698042039
36.529999,-79.919998,13.0,-7.11,1.927,-3.132,0.044742563516798804,-0.05095543407613019,0.04858968271960714,0.01412560405342525
35.419998,-81.790001,14.33,-7.015,1.837,-2.971,0.04338301543013693,-0.052147711565785106,0.0535607810286131,0.014932028297654975
35.970001,-82.279999,15.52,-6.942,1.956,-2.941,0.044056668450547086,-0.052460124746606704,0.058008605831407906,0.016535049845116095
35.950001,-81.910004,14.6,-6.971,2.014,-3.079,0.044032172110694025,-0.0522242231412163,0.05456995136202033,0.01545930011049935
33.869999,-80.57,13.19,-7.172,1.893,-3.08,0.041484550316341705,-0.051369862690860045,0.0492998396208937,0.013138175748791787
34.060001,-82.269997,15.25,-7.048,2.021,-2.987,0.04171726799457977,-0.052453747666221524,0.05699943549800068,0.015420985275452976
36.290001,-84.209999,15.55,-6.963,1.816,-2.996,0.04444860988819606,-0.05369065515486486,0.05812073586845316,0.016292896867261455
35.59,-83.529999,14.19,-7.047,1.697,-3.051,0.04359123676852194,-0.05325710039962365,0.053037507522401946,0.014457214630433412
34.529999,-83.809998,15.19,-6.976,1.8,-3.014,0.04229292953149271,-0.053435622308318914,0.05677517542391019,0.015210827549027995
34.810001,-84.07,15.72,-7.093,1.79,-2.942,0.04263588073906955,-0.05360139451930748,0.05875613941170956,0.015930208543823876
34.830002,-84.010002,15.28,-7.03,1.612,-2.997,0.0426603783037396,-0.053563140963123715,0.05711156553504593,0.015402934291887271
34.459999,-84.260002,13.97,-7.134,1.706,-3.08,0.042207192342007004,-0.053722536093727104,0.05221522058407014,0.013566625610783346
34.049999,-85.040001,15.3,-7.021,1.732,-2.979,0.04170501737501925,-0.05421984826362916,0.0571863188930761,0.014890496001488729
34.98,-84.349998,15.94,-6.943,1.747,-2.934,0.04284409840300357,-0.05377991579042224,0.05957842635004137,0.0162142029875409
35.220001,-84.110001,15.74,-6.965,1.81,-3.012,0.043138055706057304,-0.053626898377784546,0.058830892769739726,0.016114016699337496
34.450001,-83.120003,15.48,-7.018,1.563,-3.032,0.042194946621714455,-0.05299569493575618,0.05785909911534758,0.01568611693376862
36.009998,-83.459999,16.1,-6.956,1.708,-2.95,0.044105657455802236,-0.053212469763054694,0.060176453214282694,0.017023213635676746
36.75,-82.809998,16.08,-6.924,1.719,-2.948,0.04501202447999947,-0.05279804178590536,0.06010169985625252,0.017438560850115543
35.18,-80.610001,14.58,-7.099,1.642,-3.041,0.043089061801534184,-0.05139536654933711,0.054495198003990164,0.015396297752062414
35.580002,-81.75,16.030001,-6.937,1.727,-3.014,0.04357899104822939,-0.05212220770730804,0.05991482019884501,0.017123867846588786
35.669998,-82.199997,15.79,-6.984,1.768,-2.975,0.043689219678300195,-0.05240911702965257,0.059017776164815135,0.016765959604487585
35.639999,-82.360001,15.12,-6.932,1.91,-2.982,0.0436524763933376,-0.05251113246356083,0.05651353867080461,0.01588496086686046
37.049999,-83.949997,14.87,-6.881,1.906,-2.996,0.04537946835297839,-0.05352488294387629,0.05557912169542755,0.01581123570150988
37.709999,-83.25,14.41,-7.007,1.821,-2.993,0.0461878475681294,-0.05307857849092837,0.053859794460733766,0.015656354512644934
37.77,-83.019997,14.6,-7.07,1.946,-2.961,0.04626133781250558,-0.05293193305803169,0.05456995136202033,0.015966452038831406
38.34,-82.949997,14.39,-7.074,2.032,-2.976,0.04695948349831782,-0.05288730242146274,0.0537850411027036,0.01595240739318623
36.43,-82.029999,13.61,-7.082,1.751,-2.996,0.044620083042350496,-0.052300729616003315,0.050869660139527165,0.01439633785529145
36.200001,-82.559998,13.97,-7.046,1.833,-2.954,0.04433837635885728,-0.05263864665530197,0.05221522058407014,0.014638316762541818
37.16,-81.989998,13.97,-7.1,2.024,-2.989,0.045514199446987216,-0.05227522575752625,0.05221522058407014,0.015151398091177035
35.650002,-82.660004,14.09,-7.016,1.853,-2.999,0.043664728237715104,-0.05270240853302646,0.05266374073225112,0.014542020145646588
35.700001,-83.639999,14.6,-6.942,1.789,-2.953,0.04372596786253076,-0.053327234257089136,0.05456995136202033,0.014989561655820651
35.439999,-83.5,13.85,-7.133,1.735,-2.952,0.04340751299480698,-0.05323797362153176,0.05176670043588914,0.013978746603054789
36.25,-83.790001,14.92,-6.972,1.741,-2.962,0.044399615983672945,-0.05342287261061222,0.05576600509050297,0.015580916154521231
35.799999,-83.860001,14.92,-6.983,1.673,-2.997,0.043848447112162084,-0.05346750324718116,0.05576600509050297,0.015382316318494632
35.310001,-83.989998,15.39,-7.002,1.73,-2.978,0.04324828923539607,-0.053550386802353356,0.057522709004211844,0.015740203812418186
34.889999,-84.339996,15.97,-6.972,1.715,-2.967,0.04273386364884781,-0.05377353871003705,0.05969055638708662,0.016216960441965793
35.849998,-84.209999,15.04,-7.057,1.648,-3.0,0.04390968673697774,-0.05369065515486486,0.05621452523868395,0.015477852273598942
36.580002,-84.57,15.35,-6.964,1.746,-2.982,0.04480380804088244,-0.05392018478051426,0.05737320228815151,0.016085608516173227
36.23,-84.269997,15.48,-6.966,1.821,-2.953,0.044375119643819884,-0.05372890871104863,0.05785909911534758,0.016168436682706278
37.0,-83.660004,15.57,-6.948,1.865,-2.956,0.045318228728162734,-0.05333998905544002,0.05819548922648332,0.016724576299735346
35.93,-83.459999,15.72,-6.899,1.776,-2.975,0.04400767454602397,-0.053212469763054694,0.05875613941170956,0.016517114731559614
35.389999,-83.489998,15.79,-6.942,1.722,-3.001,0.043346272145174336,-0.05323159654114658,0.059017776164815135,0.01637748392294763
36.630001,-83.629997,15.33,-7.054,1.825,-3.001,0.0448650476656981,-0.053320857176703956,0.05729844893012134,0.01628087980637183
36.27,-84.25,14.99,-6.99,1.864,-2.969,0.04442411232352601,-0.053716159013341924,0.05602764184360854,0.015578531717930876
35.720001,-84.040001,14.71,-7.0,2.014,-2.974,0.04375046420238383,-0.053582267741215606,0.05498109483118624,0.015049763764118153
36.009998,-83.110001,14.72,-7.037,1.972,-2.994,0.044105657455802236,-0.052989317855371,0.05501847151020132,0.015378270370210853
35.299999,-82.480003,14.05,-7.111,1.801,-2.997,0.04323603861583556,-0.0525876434014115,0.0525142340161908,0.014387543076871621
35.779999,-82.559998,14.34,-7.042,1.854,-2.993,0.043823950772309016,-0.05263864665530197,0.053598157707628186,0.014927820608211744
36.990002,-82.68,14.01,-7.073,1.947,-3.013,0.045305983007870185,-0.05271515759315265,0.05236472730013046,0.014985184238282665
37.18,-83.209999,14.64,-7.005,1.942,-2.978,0.04553869578684028,-0.053053074632451305,0.05471945807808066,0.01573502641082321
